コード,事業内容
3600.T,工業用・家庭用ミシン糸の製造販売を手がける。刺繍糸や絹糸など特殊糸も展開し、アパレル・手芸業界向けに国内外で供給する。
7034.T,企業向けコストマネジメントを主力とする経営コンサルティング会社。戦略コンサルやPEファンド支援、不動産管理SaaSも展開。
5856.T,焼酎など酒類の製造販売を中心に、業務用食品ディスカウント、食肉卸、教育教材、不動産など多角的に事業を展開する持株会社。
9885.T,女性下着・インナーの訪問販売・通信販売を主力とし、化粧品や健康食品も扱う。節水シャワーヘッドなどファインバブル製品も展開。
3189.T,若年層向けカジュアル衣料「ANAP」の小売・卸を手がける。ライセンス事業や美容サロン運営、ビットコイン投資も行う。
1897.T,京都府北部地盤の建設会社。道路・トンネル・橋梁・上下水道など土木工事を主力に、建築工事や建物の維持管理も手がける。
7297.T,カー用品の大手メーカー。洗車用品・芳香剤・ルーフキャリア・チャイルドシートなどを製造販売し、アウトドア用品も展開する。
2484.T,フードデリバリーサービス「出前館」を運営。飲食店の出前仲介に加え、日用品配達や配達代行、広告運用なども手がける。
6513.T,電源機器・半導体デバイス・精密機構部品・合成樹脂塗料の製造販売を手がける。医療機器や半導体製造装置向け電源が主力。
6771.T,放送用カメラシステムなど放送機器の老舗メーカー。テレビ局向け中継・制作機器のほか、医療用カメラやモニターも展開する。
2055.T,配合飼料の製造販売を主力とする飼料メーカー。畜産用機器の販売や家畜の飼育、畜産物の生産販売など畜産事業も手がける。
8617.T,大阪地盤の証券会社。株式など有価証券の売買・委託取引の仲介、引受・募集などの投資・金融サービスを手がける。
4387.T,金融経済メディア「ZUU online」の運営を主力に、フィンテック関連事業を展開。ネット広告やM&A助言、資産運用コンサルも手がける。
6986.T,産業用・ホビー用ラジコン機器や有機EL・蛍光表示管などの電子部品、金型用部品・成形合理化機器の製造販売を手がける。
5956.T,カーテンレールやブラインドの製造販売で国内大手。電動レール・ロールスクリーン・間仕切りなど窓まわり製品を幅広く展開する。
7399.T,キャスター・台車の専門メーカー。ロールボックスパレットや店舗用品、医療用樹脂部品の製造販売も手がける。
7427.T,ペットフード・ペット用品の卸売大手。ペット関連の販促支援や専門店事業のほか、酒類・食品の卸売も手がける。
6943.T,産業用スイッチの専門メーカー。トグル・押しボタン・ロッカースイッチなどを開発製造し、通信機器や宇宙衛星機器向けにも供給する。
5658.T,鉄線・亜鉛めっき鉄線など線材加工品の製造販売を手がける。フェンスや土木建築向け加工品、硬鋼線・ピアノ線なども展開する。
2788.T,中古車の輸出を主力とする自動車流通会社。中古車販売のフランチャイズ事業やオートオークション事業も手がける。
8881.T,マンションの企画・開発・分譲を主力とする不動産会社。賃貸や建物管理、仲介、中古マンションの買取再販、住宅ローン保証も展開。
8917.T,戸建分譲住宅の建設・販売を主力とする住宅会社。中古マンションの再生販売や注文住宅、不動産賃貸・仲介も手がける。
5900.T,建築金物の専門メーカー。ひさし・ルーバー・点検口・物置・自転車ラックなど建物まわりの金属製品を製造販売する。
7879.T,木質建材の総合メーカー。フローリングや内装ドア・収納などの住宅内装材と、MDF（中質繊維板）・合板の製造販売を手がける。
5921.T,鉄骨の製作・施工を主力とする鉄構メーカー。高層ビルや大空間構造物向けが中心で、プレキャストコンクリート製品も手がける。
6222.T,コンピュータ横編機の世界的メーカー。無縫製ニット機「ホールガーメント」が主力で、デザインシステムや自動裁断機も展開する。
5753.T,黄銅（真ちゅう）棒・線の専門メーカー。ガス機器や水道用品、自動車用ねじ、電子機器用コネクタなどの素材として供給する。
5962.T,「金象印」で知られるショベル・スコップなど作業用品の製造販売と、ラックや移動棚など物流機器の販売を手がける。
8013.T,靴下の老舗大手。紳士・婦人・子供向け靴下やストッキングの企画・製造・卸売を国内外で手がける。
8746.T,金地金の売買を主力とし、貴金属現物取引や金価格連動の暗号資産、企業向け融資・不動産担保融資などノンバンク事業も手がける。
6390.T,「KATO」ブランドの移動式クレーン大手。ラフテレーンクレーンや油圧ショベル、道路清掃車など建設・産業機械を製造販売する。
5603.T,鋳物の専門メーカー。製鉄用圧延ロールや鋳鋼品を主力に、マンホール蓋・グレーチング、環境装置、摩擦材なども手がける。
8040.T,婦人フォーマルウェアの最大手。ブラックフォーマルやカラーフォーマルを多ブランドで展開し、バッグなど服飾雑貨も手がける。
8138.T,化学品・合成樹脂・染料・顔料・塗料などを扱う専門商社。建材や繊維の加工販売、酒類・食品関連の開発販売も手がける。
6249.T,パチンコ用プリペイドカードの発行・販売を主力に、パチンコ・パチスロ向けICカードシステムや周辺機器の開発販売を手がける。
4102.T,炭酸カルシウムの専門メーカー。シーリング材・プラスチック・塗料・食品添加物など幅広い用途の工業原料を製造販売する。
7902.T,スクリーン印刷用資材の専門メーカー。スクリーンマスク・メタルマスク・フォトマスクや印刷装置を製造販売する。
3787.T,映像・音声圧縮などのアルゴリズムをソフトウェア・ハードウェアIPとして開発し、デジタル機器メーカーにライセンス提供する。
6155.T,CNC旋盤を主力とする工作機械メーカー。自動車部品加工機やIT関連製造装置、農業・食品加工機械なども手がける。
6049.T,教育系ウェブメディアの運営会社。学習塾検索サイト「塾ナビ」や学校情報サイト、家庭教師比較サイトなどを展開する。
8144.T,家電製品・日用品・電子部品の卸売を主力とし、家電量販店やホームセンターなどに供給。不動産賃貸や電気工事なども手がける。
8891.T,名古屋地盤の建設・不動産会社。注文住宅や商業建築、マンションの管理・修繕コンサル、土木工事などを手がける。
5280.T,静岡地盤の不動産会社。不動産の開発・分譲・賃貸・管理を主力に、建設・環境資材の販売や太陽光発電所の運営も手がける。
6964.T,自動車向けプレス部品・樹脂部品のメーカー。エアバッグ部品やバッテリーターミナルなどを製造し、事務機器向け部品も手がける。
5909.T,石油暖房機器の大手メーカー。石油ファンヒーターや石油ストーブを主力に、除湿機など家電製品も製造販売する。
6257.T,パチンコ・パチスロ機の開発・製造・販売を手がける遊技機メーカー。デジタルコンテンツの企画・配信も行う。
5923.T,橋梁と鉄骨の専門メーカー。鋼橋の設計・製作・現場施工や保全・補修、超高層ビル向け鉄骨の製作などを手がける。
3396.T,カタログ・ネット通販会社。衣料品や生活雑貨、手芸用品、化粧品・健康食品などをオリジナル企画中心に販売する。
8904.T,戸建分譲住宅の建設・販売を主力とする住宅会社。マンション・商業用不動産の企画販売や建築工事請負、リフォームも手がける。
8165.T,通販大手。カタログ・ネット通販「ベルメゾン」で衣料品・インテリア雑貨などを販売し、法人向け事業や保険事業も手がける。
8772.T,不動産担保ローンの専業会社。個人・事業者向けの不動産担保融資やつなぎ融資、信用保証、不動産賃貸も手がける。
7851.T,データプリントサービスやビジネスフォーム印刷を主力とする印刷会社。デジタル請求書配信などペーパーレス関連サービスも展開。
4234.T,包装材料の専門メーカー。食品・医薬品向け軽包装材や緩衝材、表面保護フィルムなど機能性材料を製造販売する。
3261.T,大分地盤の住宅会社。戸建住宅の建設・販売を主力に、アパートの販売・投資や建設請負、不動産コンサルも手がける。
9767.T,消波ブロックなどコンクリート製品の専門メーカー。護岸ブロックや河川の防災・環境保全ブロックを製造販売する。
5408.T,大阪地盤の電炉系鉄鋼メーカー。熱延コイル・厚板・棒線・鋼管など鉄鋼製品の製造販売を主力に、不動産事業なども手がける。
5928.T,アルミ建材の専門メーカー。窓・玄関・網戸・天窓など住宅用建材を製造販売し、新素材や環境・景観材料の開発も手がける。
7442.T,家庭用品の専門商社。キッチン用品・収納用品・インテリア・園芸用品などをホームセンターやスーパーに卸売する。
2388.T,東南アジアでバイク購入者向けファイナンス事業を展開。カードゲームの企画開発や出版などコンテンツ事業も手がける。
4624.T,塗料の専門メーカー。自動車補修用塗料を主力に、工業用・建築用・エアゾール塗料や塗装機器の製造販売も手がける。
7219.T,自動車アフターパーツの大手メーカー。マフラー・ターボチャージャー・サスペンションなどチューニングパーツを製造販売する。
7857.T,愛媛地盤の総合印刷会社。一般印刷・パッケージ・出版や広告企画を手がけ、紙流通やカタログ通販、書籍販売も展開する。
6467.T,精密鍛造金型の専門メーカー。自動車部品製造用の金型を主力に、精密鍛造部品や焼結金網フィルターも手がける。
7266.T,自動車部品メーカー。パワーシートアジャスターやランプ・ホーンなどを主力に、福祉機器や産業機械部品も製造販売する。
9914.T,仙台地盤の機械工具商社。金属加工機械や切削工具・測定機器、産業機械・省力化設備などを仕入販売する。
8995.T,大阪・堺地盤の住宅会社。建売・注文住宅など戸建住宅の設計・施工・販売を主力に、不動産仲介や賃貸も手がける。
1994.T,PC（プレキャストコンクリート）カーテンウォールの設計・製造・施工を主力とし、ホテルや学校のプールなど水関連施設も手がける。
9162.T,成果報酬型のシェアリング型統合マーケティング事業を展開。広告制作・運用やマーケティング戦略の支援を手がける。
8046.T,鋼矢板・H形鋼など建設用仮設鋼材の販売・賃貸・修理加工を手がける専門商社。仮設橋梁や軸力監視システムなども扱う。
5988.T,自動車用の金属ばねや樹脂ファスナーなど精密部品の大手メーカー。燃料系・パワートレイン系部品が主力で、医療機器も展開する。
8147.T,工作機械の専門商社。CNC旋盤・マシニングセンタ・研削盤などの機械や切削工具、油空圧機器を国内外で販売する。
7624.T,切削工具・機械工具の専門商社。超硬工具や測定機器、産業機器、工作機械などを国内外で販売する。
8119.T,家具・家庭用品、服飾雑貨、家電の商社。「ビルケンシュトック」の靴や「キプリング」のバッグなど海外ブランド品の卸・小売を手がける。
4341.T,ICTソリューション会社。自治体向け防災行政無線や車両動態管理などの無線システム、防犯カメラ・映像システムを手がける。
7229.T,自動車部品メーカー。トルクコンバーターを主力に、排気系・ブレーキ系・熱マネジメント部品などを国内外で製造販売する。
7538.T,大阪地盤の水産物卸大手。鮮魚・塩干魚などをスーパーや飲食店に供給し、冷蔵倉庫事業や輸出も手がける。
9929.T,特殊紙の専門商社。ファンシーペーパーや高級紙・産業用紙の輸入・開発・販売を手がけ、紙製品の商品化も行う。
7877.T,樹脂シート製品のメーカー。自動車用フロアマットを主力に、樹脂異形押出成形品や半導体関連の電子部品搬送材も手がける。
9872.T,住宅建材・住宅設備機器の販売・施工を手がける建材商社。木質建材や石膏ボード、システムキッチン・ユニットバスなどを扱う。
6262.T,工業用ミシンの大手メーカー。オーバーロックミシンなど縫製機械を世界展開し、シートベルト部品など自動車部品も手がける。
4839.T,BS有料放送局。衛星放送で映画・スポーツ・ドラマなどの番組を制作・放送し、ケーブルテレビやIPTV経由でも配信する。
6228.T,半導体洗浄装置の専門メーカー。バッチ式・枚葉式洗浄装置を開発製造し、リチウムイオン電池の検査・製造装置も手がける。
2193.T,料理レシピ投稿・検索サービス「クックパッド」を運営。生鮮食品EC「クックパッドマート」やレシピ検索データ分析も展開する。
2499.T,きもの・和装品の販売仲介を主力とし、無料着付け教室の運営で集客する。きものの仕立てやメンテナンス、卸売も手がける。
7991.T,パチンコ周辺機器（紙幣搬送装置・CRユニット等）と、ゴルフシャフト・アーチェリーなどスポーツ用品の製造販売を手がける。
7887.T,収納・床・天井材など住宅用内装建材の製造販売を手がける。電線・電気機器の販売や化学プラント向け配管工事も展開する。
7841.T,ゴルフクラブのアイアンヘッドや自動車・二輪車向け鍛造部品の製造を手がける。タービン翼や航空機部品、医療機器も手がける。
6346.T,製材・木工機械の製造販売を手がける。集成材・合板用の加工機械やワイドベルトサンダーのほか、金属加工用の工作機械も展開する。
6054.T,アルバイト求人サイト「マッハバイト」や転職クチコミサイト「転職会議」などを運営するインターネットメディア企業。不動産情報サービスも展開する。
5918.T,橋梁・鉄骨・鉄塔など鋼構造物の設計・製造・施工を手がける老舗メーカー。補修・補強工事も展開する。
4231.T,ゴムホースやシート、成形品の製造販売を手がける。掃除機・洗濯機など家電用ホースから自動車部品、産業用資材まで幅広く展開する。
2917.T,海苔の加工食品メーカー。味付け海苔やふりかけ、お茶漬け、スープ用乾燥具材などを製造販売する。
1420.T,戸建住宅の設計・施工・販売とマンション分譲を二本柱とする住宅会社。リフォームやマンション管理、介護・保育施設運営も展開する。
6867.T,電子計測器の専門メーカー。テレビ放送・映像関連の波形モニターやラスタライザーなど、放送局向け測定器を製造販売する。
3439.T,自動車部品用の特注ファスナー（締結部品）メーカー。シートやパワートレイン、エアバッグ向けの冷間鍛造品や組立品を製造販売する。
1758.T,地盤改良など特殊土木工事を主力とする建設会社。住宅関連工事や環境関連工事、建設機械の製造販売も展開する。
7871.T,プラスチック押出成形による建材・産業資材のメーカー。巾木や天井材、床材など住宅用樹脂建材を中心に製造販売する。
7347.T,投資ファンドの運用会社。不動産やインフラ施設、ベンチャー投資など幅広い分野でファンド運営・投資助言サービスを展開する。
8135.T,野球用品を中心とするスポーツ用品の製造卸。バットやグローブ、ウェアなどを扱い、小売店向けオンライン受注システムも運営する。
3320.T,婦人服を中心とするアパエルの企画・製造・卸売を手がける。雑貨や化粧品も扱い、児童発達支援サービスも展開する。
9854.T,メガネ専門店「メガネの愛眼」をチェーン展開する。メガネのほか補聴器やサングラスなども販売する。
3426.T,室内ドアや引き戸用の金物（ドアロック・蝶番・引手など）を企画・開発・販売する内装金物の専門メーカー。
5541.T,ステンレス鋼の原料となるフェロニッケルの専業メーカー。スラグ製品の販売や廃棄物リサイクル事業も展開する。
6393.T,油圧機器の専門メーカー。油圧ポンプやバルブ、シリンダーなどを製造し、産業機械・船舶向け油圧システムも展開する。
4629.T,塗料用シンナーや洗浄用溶剤など工業用溶剤の専門メーカー。塗料メーカー向けを中心に各種化学品を製造販売する。
5971.T,建設機械やエンジン用の六角ボルトなど産業用ボルトの専門メーカー。自動車向け冷間鍛造部品も製造販売する。
7531.T,鉄鋼製品の卸売を主力とする商社。鋼材の加工や請負工事、荷役サービスも手がける。
4569.T,呼吸器・泌尿器・耳鼻科領域に強みを持つ医薬品メーカー。喘息治療薬や過活動膀胱治療薬、抗菌薬などを研究開発・製造販売する。
7434.T,バルブ・継手・パイプなど管工機材や住宅設備、空調機器の専門商社。工場・プラント向けの配管資材を幅広く扱う。
3246.T,福岡地盤のマンション開発会社。自社ブランド分譲マンションの企画・開発・販売を主力に、賃貸管理や建物メンテナンスも手がける。
6342.T,合板機械・木工機械の専門メーカー。ベニヤドライヤーやホットプレスなどの製造販売に加え、住宅用建材も手がける。
5984.T,工業用刃物の専門メーカー。木材加工用の丸鋸やカッター、金属切断用ブレードなど機械刃物を国内外で製造販売する。
5697.T,みがき棒鋼や冷間圧造用鋼線などの二次加工鋼材メーカー。自動車や建設機械、産業機械業界向けに製造販売する。
3420.T,あと施工アンカーなど建設用ファスニング資材の専門メーカー。耐震補強工事やトンネル用支保材（ロックボルト）も手がける。
1850.T,南海電鉄系の総合建設会社。土木・建築工事の請負を主力に、マンションの大規模修繕や鉄道施設の保守管理も手がける。
7937.T,ジュエリーの製造・卸・小売を一貫して手がける宝飾品メーカー。リングやネックレスなどを自社店舗で販売し、修理サービスも提供する。
4224.T,塩ビ樹脂製品のメーカー。床材やシート防水材、壁装材を主力とし、鉄道車両用床材や産業用フィルムも製造販売する。
4705.T,小中高生向け学習塾を主力に、サッカー教室やダンス教室などスポーツ事業を展開する。給食宅配や農業事業も手がける。
7670.T,塗料・塗装関連の専門商社。塗料や塗装設備、金属表面処理剤のほか、テープ・フィルムなど電子関連資材も幅広く扱う。
6694.T,ハンディレコーダーやマルチエフェクターなど電子音響機器のメーカー。音楽制作・配信向け機器を国内外で展開する。
2795.T,小型プリンターの専門メーカー。キオスク端末用やレシート用、ポータブル型など各種サーマルプリンターを製造販売する。
3758.T,スマートフォン向けゲームの開発・運営やオンライン電子出版などのITコンテンツ事業を展開する。不動産事業も手がける。
5951.T,石油ファンヒーターなど暖房機器の大手メーカー。加湿器や空気清浄機などの環境機器、コーヒー関連機器も製造販売する。
7435.T,溶接機器の開発・製造・販売を手がける商社系メーカー。自動車業界向けスポット溶接やレーザー加工、FAシステムも展開する。
7422.T,靴の企画・卸売を主力とする商社。サンダルやスニーカー、紳士・婦人靴などを幅広く扱い、不動産賃貸も手がける。
3236.T,東京地盤の不動産デベロッパー。分譲マンション開発や賃貸物件開発、中古物件の再生（バリューアップ）事業を手がける。
5819.T,放送・通信用ケーブルとコネクターの専門メーカー。テレビ局や音響設備向けに光伝送機器や接続機材を国内外で展開する。
3161.T,化学防護服や環境関連機器の製造販売を手がける。畳材料（畳床・畳糸など）の販売や畳下の施工も展開する。
7175.T,石川県地盤の独立系証券会社。株式・債券の売買仲介や引受、投資信託の販売など証券業務を展開する。
5946.T,石油・ガス・電気給湯器やエコキュートなど住宅用給湯機器の大手メーカー。冷暖房機器やシステムバス・キッチンも手がける。
8938.T,病院や介護施設など医療機関の運営支援を主力とする。医薬品・医療機器の購買支援や不動産事業も展開する。
6292.T,粉粒体処理装置のメーカー。プラスチック成形向けの乾燥機や計量混合装置、輸送装置などを設計・製造する。
3668.T,スマートフォン向けゲームの開発・運営を主力とする。「白猫プロジェクト」などで知られ、VRやブロックチェーンゲームも展開する。
6748.T,道路情報表示システムやLED表示装置、トンネル非常用設備など情報機器のメーカー。LED照明や電子部品も製造販売する。
9972.T,産業機械の専門商社。印刷機やフィルム加工機、樹脂・ゴム加工設備、食品・医薬品関連設備などを国内外で扱う。
6335.T,新聞輪転機の専業メーカー。新聞社向け印刷機や印刷管理システム、自動化・省力化設備を製造販売する。
7021.T,舶用機器や空気予熱器など産業機械の設計・製造を手がける。精製シリカ粉末の販売や耐熱塗料、オフィスビル賃貸も展開する。
2814.T,茶エキスや植物エキス、天然調味料、粉末酒の専門メーカー。食品・飲料メーカー向けに粉末素材を製造販売する。
6899.T,自動車用電装品のメーカー。エアコンパネルやコーナーセンサーなど四輪・二輪向け電装部品を主力に、家電用基板なども手がける。
7997.T,オフィスや医療・福祉施設、学校向け家具のメーカー。スチール家具を主力に、空調・クリーンルーム関連機器も手がける。
4360.T,臭素系化合物に強みを持つ工業用化学品メーカー。難燃剤や抗菌剤、医薬品原料などを技術系産業向けに製造販売する。
5187.T,シリコーン製カテーテルを主力とする医療機器メーカー。泌尿器科・消化器科向けのカテーテルやチューブを研究開発・製造販売する。
5446.T,新潟地盤の電炉メーカー。鉄筋コンクリート用棒鋼や形鋼など建設用鋼材を製造販売し、土木建築資材も手がける。
3632.T,スマートフォンゲームの開発・運営を主力とするゲーム会社。メタバース「REALITY」やVTuber事務所、投資事業も展開する。
6718.T,インターホンの最大手メーカー。住宅用テレビドアホンやマンション向けセキュリティシステム、病院向けナースコールを国内外で展開する。
9876.T,イオン傘下のカジュアル衣料品メーカー。「ikka」「LBC」などのブランドで衣料品・雑貨の企画・製造・販売を手がける。
8869.T,首都圏地盤のマンションデベロッパー。「クリオ」ブランドの分譲マンション開発を主力に、賃貸・仲介やリノベーションも手がける。
5282.T,土木用プレキャストコンクリート製品のメーカー。シールドトンネル用セグメントやボックスカルバートなどを製造販売する。
3537.T,化学品専門商社。脂肪酸やグリセリンなどオレオケミカル（油脂化学品）を主力に、合成樹脂や日用品、土木建築資材も扱う。
8595.T,国内ベンチャーキャピタルの草分け。スタートアップへの投資やバイアウト投資を行うファンドの運営を手がける。
6497.T,バルブと高圧ガス関連機器の専門メーカー。LPガス用や水素用バルブなどを製造し、不動産賃貸も手がける。
2168.T,人材サービス大手。人材派遣・紹介や業務受託（BPO）、教育研修、経営コンサルティングなどを幅広く展開する。
7264.T,自動車向け金属・樹脂部品のメーカー。スプロケットやギア、センサー部品など精密プレス・鍛造部品を製造販売する。
5079.T,兵庫県姫路市地盤の総合建設会社。土木・建築工事の請負を主力に、公共施設やマンションの維持補修工事も手がける。
7122.T,鉄道車両の専業メーカー。新幹線や特急、通勤電車、海外向けLRT（路面電車）などを製造販売し、不動産賃貸も手がける。
8281.T,スポーツ用品小売の大手。「スーパースポーツゼビオ」「ヴィクトリア」「ゴルフパートナー」などの専門店を全国展開する。
3765.T,スマートフォンゲームの開発・運営を主力とするゲーム会社。「パズル＆ドラゴンズ」で知られ、家庭用ゲームも手がける。
1853.T,土木・建築工事を手がける総合建設会社。道路やトンネル、鉄道などの土木工事と、住宅・公共施設などの建築工事を展開する。
7218.T,自動車・二輪車エンジン部品のメーカー。ロッカーアームやシンクロナイザーリング、ピストンピンなどを国内外で製造販売する。
7908.T,機能性フィルムの専門メーカー。ハードコートフィルムや光学フィルム、遮光フィルムなど産業用フィルム・紙製品を製造販売する。
4627.T,工業用塗料のメーカー。金属用・建材用塗料やスマホ・ディスプレイ向けコーティング剤を製造し、使用済み溶剤のリサイクルも手がける。
4243.T,工業用プラスチック部品の専門メーカー。樹脂製ファスナーや基板用ラック、ラベル関連製品などを企画・製造販売する。
4625.T,道路用塗料（路面標示用塗料）の大手メーカー。床用・屋根用などの建築塗料や家庭用塗料、道路施工機械も手がける。
7521.T,選挙システム機器の大手で、投開票機器などを提供する。文書の電子化サービスや印刷システム、紙幣処理機器も展開する。
5986.T,特殊鋼帯・ステンレス鋼帯の加工販売を手がける。自動車部品や家電向けプレス加工品、焼入れ鋼帯などを製造する。
6743.T,鉄道信号保安装置の専門メーカー。電子連動装置や自動列車制御装置、踏切保安装置などを製造・販売・施工する。
6150.T,鍛圧機械・工作機械のメーカー。形鋼加工機や丸鋸切断機、ユニット金型などを鉄骨加工業者向けに製造販売する。
7975.T,ファイルやバインダーなど事務用品のメーカー。クリヤーブックや名刺ホルダー、バッグインバッグなどを国内外で製造販売する。
5966.T,自動車整備用工具の大手メーカー。レンチやラチェットなどのハンドツールを「KTC」「nepros」ブランドで製造販売する。
3477.T,横浜・川崎・東京城南地区を地盤とする住宅会社。分譲マンションや注文住宅、建売住宅の販売を手がける。
7464.T,建設現場向け安全用品の専門メーカー。工事用標識・バリケード・カラーコーン・保安灯などの保安用品や、安全ベスト・安全靴といった安全防災用品を製造・販売する。
4365.T,繊維用油剤・界面活性剤の化学メーカー。紡績・織布向け薬剤のほか、熱で膨らむマイクロカプセルや高分子製品など機能性化学品を国内外で展開する。
3639.T,恋愛ドラマアプリなどモバイル向けエンタメコンテンツの企画・開発・配信を手がける。電子コミック書店の運営や家庭用ゲームブランド「AmuLit」も展開。
7865.T,乳幼児向け玩具の企画・開発・販売を手がける。ベビー玩具・知育玩具・ブロック玩具のほか、遊具や育児用品も展開。日米など海外でも販売する。
2491.T,成果報酬型のアフィリエイト広告を主力とするネットマーケティング会社。EC店舗向けCRMツールやホテル予約・管理システムなども提供する。
5078.T,土地活用コンサルティングとアパートの設計・施工を手がける。物件管理・賃貸運営や不動産売買仲介、鉄骨部材の製造加工なども展開する。
3054.T,法人向けIT機器販売・サービス会社。オフィス用PCの調達・導入支援、サーバーやネットワークの構築、OA機器の販売・保守などを手がける。
3297.T,山口県下関市地盤の不動産会社。中古住宅・中古マンションのリフォーム再生販売を主力に、不動産仲介・賃貸や介護関連リフォームも手がける。
5915.T,橋梁・鉄骨の設計・施工を主力とするメーカー。風力発電設備の開発・建設や太陽光発電システム、建設機械の製造も手がける。
8584.T,大手信販会社。自動車・住宅リフォーム・教育などのショッピングクレジットやクレジットカード発行を主力に、家賃保証・住宅ローン保証なども展開する。
7279.T,自動車用コントロールケーブルの大手メーカー。パワーリフトゲートやウインドレギュレータなどのドアシステム、医療機器分野にも展開する。
9895.T,コンクリート構造物の切断・穿孔機器メーカー。コアドリルやカッター、ダイヤモンドビットを「発研」ブランドで製造販売し、特殊工事も請け負う。
6159.T,研削盤の専門メーカー。センタレス研削盤や内面研削盤、生産自動化システムを製造・販売し、海外にも輸出する。
2489.T,スマホ向け広告プラットフォーム「AppDriver」「UNICORN」やアフィリエイト広告サービスを展開するネット広告会社。アジア各国でも事業を展開する。
8159.T,FA機器・半導体を扱う技術商社。シーケンサやインバータ・産業用ロボットなどのFAシステム、半導体デバイス、設備関連の3部門を展開する。
3954.T,クラフト紙袋など重包装用包装資材のメーカー。ポリエチレン重袋や粉体・液体用容器、産業・農業用フィルムも手がけ、不動産賃貸も行う。
143A.T,自治体・ベンチャー向けのメディア事業会社。自治体経営を支援するメディアや官民共創プラットフォーム、海外スタートアップ情報メディア「TECHBLITZ」を展開。
4644.T,家庭用ゲームの開発・販売を主力とするコンテンツ企業。各種IPコンテンツの商品化の企画・監修や出版、教育系デジタルコンテンツも手がける。
3710.T,経路検索サービス「乗換案内」を主力とするソフト開発会社。電車・飛行機のルート・運賃検索のほか、モバイルコンテンツ配信や旅行事業も展開する。
8076.T,名古屋地盤の鉄鋼商社。鋼板・鋼管・棒鋼・ステンレスなどの加工・販売を手がけ、自動車のボディ骨格部品やシート部品も扱う。
7486.T,長野県地盤の燃料商社。石油製品やLPガスの販売を主力に、ガス機器・住宅設備の販売、製氷事業や青果事業、不動産事業も手がける。
7985.T,施設園芸用の温風暖房機など農業用機器の大手メーカー。ハウス栽培向け環境制御機器やヒートポンプ、農業ICTクラウド、衛生機器も手がける。
7957.T,熱転写リボンなど印字用消耗品のメーカー。バーコードプリンタや券売機向けインクリボン、修正テープなどの文具、プラスチック成形品を手がける。
3131.T,半導体・電子部品の商社。IC・液晶ディスプレイやフラッシュストレージ・DRAMモジュール、グラフィックスカード、通信モジュールなどを販売する。
5969.T,作業工具の老舗メーカー。モンキレンチ・カッター・プライヤーなどの作業工具や電設・圧着工具を製造販売し、レジャー用品事業も手がける。
7885.T,オフィスチェアを主力とする家具メーカー。ばね・電子関連製品のほか、車いす・歩行補助具など健康福祉機器、オーニングなどエクステリア製品も展開。
3134.T,スマホケースなどモバイルアクセサリーの企画・販売とEC事業を展開。EC事業者向けクラウド型バックオフィス支援「ネクストエンジン」も提供する。
6325.T,飼料用農業機械の専門メーカー。牧草や稲わらを梱包するロールベーラ、ラッピングマシンなどの収穫・梱包機械や施肥播種機を製造・販売する。
6797.T,道路情報板の専門メーカー。道路・河川・駐車場向けの電光表示装置（VMS）や情報提供システムの製造・販売、アフターサービスを手がける。
7628.T,自動車部品の開発・製造・販売を手がける。エンジン・ブレーキ・内外装部品のほか、精密オイルポンプシャフトやディーゼル用インジェクター部品も扱う。
6276.T,画像検査装置の企画・開発・販売を手がける。印刷物などの検査機やソフトウェアのほか、Web・DXクラウドサービスや精密印刷機の保守も展開する。
7472.T,機械・装置の専門商社。空圧・油圧機器などの制御機器、産業用ロボット・自動組立装置、基板実装関連機器の販売・据付を手がける。
6151.T,迅速流体継手「カプラ」の大手メーカー。電動・空圧工具などの機械工具、小型ポンプ・コンプレッサー、ドアクローザーを製造・販売する。
7537.T,半導体・電子部品の大手エレクトロニクス商社。メモリやセンサー・電源など幅広いデバイスのほか、クラウドなどソフトウェア製品も扱う。
6820.T,無線通信機器の専門メーカー。業務用無線・アマチュア無線・マリン無線・航空無線や無線LAN機器、IP電話機器などを国内外で製造・販売する。
2221.T,新潟地盤の米菓メーカー。「黒豆せんべい」「田舎のおかき」「きなこ餅」など、米からつくるせんべい・あられの製造・販売を手がける。
8141.T,半導体・電子部品の専門商社。半導体や電子部品・電池、ディスプレイデバイス、車載半導体などの輸出入・販売とアセンブリ事業を手がける。
3583.T,筆記具用ペン先と医療機器のメーカー。化学繊維製ペン先や化粧品用穂先のほか、加圧式輸液装置・血管造影用ガイドワイヤーなど医療部材を手がける。
9932.T,測定機器・機械工具の専門商社。測定機器・切削工具・工作機械・空圧油圧機器・電動工具など生産現場向けの工具類を幅広く販売する。
6778.T,携帯電話基地局向け試験装置のメーカー。通信事業者や通信機器メーカー向けに5G対応の負荷試験・機能試験システムを開発・提供する。
4170.T,WebサイトのUX改善・コンバージョン向上支援を手がける。サイト制作や動画制作のほか、企業のDX推進コンサルティングも展開する。
5945.T,鋸刃（のこぎり刃）の専門メーカー。金属・木工用の超硬チップソーやダイヤモンドソー、丸鋸・帯鋸刃などを国内外で製造・販売する。
6158.T,金型・切削工具向け研削盤のメーカー。プロファイル研削盤や治具研削盤、ウエハ平面研削盤など高精度な研削加工機を国内外に展開する。
3386.T,ライフサイエンス研究用商材の専門商社。研究用試薬・キット・抗体・機器などを世界中から輸入し、大学や研究機関向けに販売する。
3892.T,板紙メーカー。紙管原紙や紙器用板紙の製造を主力に、ギフト箱などに使う美粧段ボールや高速デジタル印刷サービスも手がける。
3944.T,紙器・包装資材メーカー。食品・医薬品・化粧品などのパッケージ印刷やギフト箱、フィルム・金属箔を使った軟包装材の企画・製造を手がける。
7928.T,プラスチック成形品と金型のメーカー。電動工具や自動車部品の樹脂成形・組立を主力に、ボードアンカーなど建築資材も製造・販売する。
2497.T,アドテクノロジー・コンテンツ・投資の3事業を展開。広告配信プラットフォームやスマホゲーム、オンラインプログラミングスクールなどを手がける。
3851.T,家庭用ゲームソフトの開発・販売を主力とするゲーム会社。スマホ向けゲームコンテンツも手がけるほか、学生寮の運営や不動産投資も行う。
3895.T,不織布・衛生用紙のメーカー。パルプ不織布や合成繊維不織布、紙おむつ・ウェットタオル用の衛生用紙を製造・販売する。
9867.T,電子デバイス販売とITサービスの会社。半導体・電子部品の販売に加え、ソフト開発・システム構築・ITインフラの設計運用保守を手がける。
5997.T,ビル空調・換気設備機器のメーカー。ダンパー・吹出口・ファスナーなどの空調防災機器や住宅用セントラル空調、換気システムを製造・販売する。
7953.T,建築仕上塗材・塗料のメーカー。外装塗材や防錆塗料、耐火断熱材、躯体改修製品など建築・土木向け材料の製造・販売を手がける。
5363.T,工業用耐火物・セラミックスのメーカー。製鉄用の転炉・取鍋向け耐火物や連続鋳造用製品を主力に、ファインセラミックスも手がける。
1887.T,土木・建築の中堅ゼネコン。ダム・橋梁・トンネル・道路などの土木工事や、オフィスビル・マンション・物流施設の建築工事を手がける。
1793.T,岡山地盤の中堅ゼネコン。土木工事と建築工事を柱に、浚渫・埋立や不動産開発、建築・土木のコンサルティングも手がける。
7872.T,宝飾品の製造・販売を手がける。真珠・宝石やメガネフレームを扱うほか、飲食事業や化粧品・ファッション事業も展開する。
3417.T,医薬品・ヘルスケア商品の専門卸。一般用医薬品・医薬部外品・医療機器・化粧品・健康関連商品などの販売・輸出入を手がける。
3277.T,権利関係が複雑な不動産の再生を手がける不動産会社。底地や借地権、居抜き物件などを買い取り、権利調整をして販売する。
6349.T,オフセット印刷機械の大手メーカー。枚葉印刷機「リスロン」やデジタル印刷システム、紙幣印刷機・パッケージ印刷機の製造・販売・修理を手がける。
7614.T,食肉小売と飲食店運営の会社。精肉店チェーンの展開と食肉加工・惣菜販売を主力に、ソースや鍋スープなどPB商品も手がける。
8075.T,鉄鋼を中心とする商社。鉄鋼製品・鉄鋼原料・非鉄金属・機械・溶接材料などの輸出入・販売を世界各地で手がける。
6360.T,包装機械の専門メーカー。各種包装機・製函機・カートナー・パレタイザなどのほか、たばこの製造・包装機械も設計・製造する。
9414.T,BSデジタル放送局を運営。広告主への放送枠販売や番組販売を行い、報道・教養・娯楽・通販など幅広い番組を放送。番組制作やネット配信も手がける。
6907.T,薄膜加工の専門メーカー。ディスプレイ用の反射防止・防眩膜やカバーパネル、ミラー・光学フィルター、レーザー用光学部品などを製造・販売する。
3641.T,電子書籍の販売・レンタルサイトを運営。コミック・小説・雑誌などを配信するほか、次世代コンテンツの開発・制作も手がける。
2654.T,食肉の加工・輸入・販売と給食事業を展開。病院・オフィス・学校・高齢者福祉施設向けの食事提供や介護サービス、香港での日本食レストラン運営も手がける。
1376.T,種苗の大手専門商社。野菜・牧草の種子や種いも、花き・園芸用品、農薬・農業資材、ビニールハウスなど施設材料の生産・販売を手がける。
3953.T,段ボールメーカー。段ボールシート・ケースや段ボールパレット、ラベル製品の製造・販売を手がけ、猫用トンネルハウスなども扱う。
5440.T,電炉による鉄鋼メーカー。鉄筋コンクリート用棒鋼や平鋼・ビレットの製造・販売を国内外で展開し、廃棄物の収集・処理事業も手がける。
4829.T,スマホ向けコンテンツの企画・開発・運営を手がける。交通情報アプリや女性向け健康管理アプリのほか、企業向けシステム開発・業務支援も展開する。
2449.T,PR（広報）コンサルティング会社。企業のコミュニケーション支援やデジタルソリューション、メディアトレーニング・危機管理サービスを提供する。
6358.T,道路建設機械の専門メーカー。振動ローラ・タイヤローラなど道路舗装用の締固め機械や、路面切削機などの道路維持補修機械を製造・販売する。
5958.T,金属製建材のメーカー。手すり・ルーバーなどのアルミ建材やシステムフロア（二重床）の製造・販売・施工、空調換気設備も手がける。
3597.T,作業服・ユニフォームの企画・製造・販売を手がける。メンズカジュアル衣料や医療用白衣、安全靴も展開する。
8093.T,機械・産業資材のエンジニアリング商社。発電設備・制御装置・計測機器から航空・宇宙機器部品まで幅広い機械設備の輸出入・販売を手がける。
5388.T,粘土鉱物ベントナイトの採掘・加工・販売の専門メーカー。鋳物や土木向けのほか、工業薬品・農業資材・食品添加物分野にも展開する。
4548.T,糖質科学に特化した製薬会社。関節機能改善のヒアルロン酸注射剤「アルツ」や眼科手術補助剤などの医薬品・医療機器を国内外で展開する。
3388.T,計測・制御機器の技術商社。電気機器・計測器・FA機器の販売や検査装置・FAシステムの設計製造、計測コンサルティングを手がける。
7859.T,記録メディア検査用テストディスク・テープのメーカー。耐火・断熱材料や、カーボンナノファイバーなどナノ材料の開発・製造も手がける。
6485.T,水道用給水装置の専門メーカー。配水管から住宅へ水を引き込む分水栓・継手などの製造を主力に、給湯配管部材や床暖房部材も手がける。
8123.T,ハンカチ・スカーフ・マフラーなど服飾雑貨の企画・販売を手がける。香水などフレグランス事業や知的財産権のライセンス事業も展開する。
5304.T,製鋼用黒鉛電極のメーカー。電気炉製鋼向け黒鉛電極やアルミ精錬用カソードブロック、各種カーボン・黒鉛製品を製造・販売する。
8935.T,資産運用型マンションの企画・開発・販売を主力とする不動産会社。不動産管理や建設・リフォーム、伊豆での旅館運営も手がける。
6419.T,パチンコホールなどアミューズメント施設向け周辺機器の大手。RFIDなどの自動認識システムや紙幣識別機・カードリーダーの製造販売、ホテル・飲食事業も展開する。
9425.T,中古スマートフォン・タブレットの買取・再生・販売を手がける。iPhoneなどの中古端末をMVNO事業者向けに販売するほか、法人向けの端末レンタルやキッティングサービスも展開。
7896.T,集成材を使った住宅用木質建材メーカー。階段・カウンター・手すり・和室造作材など木製内装建材や、木造建築の構造材の製造・販売を手がける。
5368.T,けい酸カルシウム保温材・耐火材の専門メーカー。不燃建材の製造販売に加え、鉄骨耐火被覆や保温・保冷工事の設計施工も手がける。
6619.T,リチウムイオン電池用セパレータ（ポリオレフィン微多孔膜）の製造・販売を手がける。韓国・米国・欧州にも販売展開する。
6482.T,射出成形品の取出ロボットを主力とする産業用ロボットメーカー。パレタイジングロボットやストック装置など工場自動化機器の開発・製造・保守を国内外で手がける。
7820.T,室内ドアの専門メーカー。フラッシュドアや引き戸、玄関・食品・寝具用などの収納システム、建材の製造・販売を手がける。マンション向け内装ドアが主力。
1905.T,基礎工事を主力とする建設会社。杭打ちや地盤改良工事を手がけるほか、コンクリート杭・鋼管杭の販売、建設コンサルティング、不動産賃貸も展開。
3958.T,印刷会社。各種印刷物の企画・デザイン・編集・製版・印刷を主力に、製本や紙器加工、画像処理、出荷用の包装・キッティングまで手がける。
6919.T,産業用コネクタの専門メーカー。基板対基板・基板対ケーブル用コネクタを主力に、FA機器・車載・医療・鉄道・アミューズメント向けに製造・販売する。
2999.T,戸建分譲住宅の販売を手がける住宅会社。
7565.T,電機・電子機器の専門商社。サーボやインバータなどの電力制御機器、ブレーカー・変圧器などの配電機器、産業用ロボットや加工機械の販売から設置・保守まで手がける。
2700.T,米穀卸の大手。精米・玄米など米の調達・加工・販売・輸出入を主力に、飼料・鶏卵・米粉や加工食品などの事業も展開。
8150.T,半導体・電子部品の専門商社。IC・半導体素子・電子部品の販売を主力に、IoT機器の企画開発やITインフラソリューションも国内外で手がける。
3176.T,ゴム・化学品を主力とする専門商社。合成ゴムや化学品、環境関連、産業機械、ライフサイエンス分野の商材を国内外で取り扱う。
7677.T,鉄道関連製品の専門商社。鉄道車両用の電機品・ブレーキ部品・輪軸などの販売・保守・輸出入を主力に、産業機械向け電子部品も取り扱う。
8084.T,FA（工場自動化）システムと冷熱（空調）システムを主力とする技術商社。ICT、ビルシステム、スマート農業、ヘルスケアなどの事業も国内外で展開。
8844.T,不動産の分譲・賃貸・仲介を手がける。マンション・戸建の開発分譲を主力に、リノベーションやアパートメントホテル「MIMARU」の開発・運営も展開。
4119.T,プラスチック用着色剤と樹脂コンパウンドのメーカー。自動車内外装部品や容器・フィルム向けの樹脂着色剤、液状分散体などを国内外で製造・販売する。
7602.T,中古車の買取・販売・流通を手がける。小売店舗での中古車売買を主力に、自動車保険の販売、部品・用品のネット通販や輸出、リースバック関連事業も展開。
7551.T,自動車用ホイールの卸売大手。アルミホイールの企画・製造・販売や自動車部品・用品の卸売を主力に、物流事業や小売事業も手がける。
3321.T,半導体・電子部品の商社。アミューズメント・産業機器・車載向けなどに半導体や液晶を販売するほか、電子機器の製造・組立装置の販売も手がける。
6165.T,金型用部品の専門メーカー。プラスチック金型用のエジェクタピンやコアピンなど、金型・ダイカスト用部品を国内外で製造・販売する。
9820.T,オフィスビルのリノベーション工事と不動産管理を手がける。駐車場の運営・管理、ビル設備管理・清掃、保険代理店事業も展開。
3513.T,製紙用フェルト・ベルトの専門メーカー。抄紙機向けプレスフェルトやシュープレスベルトを主力に、自動車や電子機器向けの産業用資材も手がける。
4308.T,企業向け動画配信支援の大手。音楽・イベント・企業説明会などのインターネット配信サービスを主力に、動画広告や映像制作、サイト構築も手がける。
6149.T,モーター用巻線機の大手メーカー。家電・自動車・産業機器向けコイル巻線設備の設計・開発・製造を主力に、送風機など住宅設備関連機器も手がける。
7681.T,医療機器の専門商社。病院や福祉施設向けに機器選定コンサルから調達・内装工事まで一括提供するほか、遠隔画像診断サービスや学校給食事業も展開。
1768.T,総合建設会社。医療・福祉・教育・商業・物流施設や集合住宅の建築工事を主力に、道路・橋梁・河川などの土木工事、建物の補修・メンテナンスも手がける。
7925.T,上下水道関連の塩ビ製品メーカー。管継手や塩ビ製ます（汚水ます）の製造販売を主力に、排水処理施設の設計・施工・維持管理も手がける。
6418.T,紙幣識別機・貨幣処理機の大手メーカー。海外カジノ向け紙幣識別ユニットや紙幣・硬貨還流装置、パチンコホール向け機器の開発・製造・販売を手がける。
7265.T,エンジン用フィルターのメーカー。自動車・建機・農機向けのオイル・エア・燃料フィルターを主力に、産業用特殊フィルターやバーナー、厨房機器部品も手がける。
6091.T,建設コンサルタント業を主力とする。測量・設計などの建設コンサルティングのほか、水族館運営やスポーツ施設管理、不動産事業も手がける。
7235.T,トラック・建機向け熱交換器の専門メーカー。ラジエーターやインタークーラー、EGRクーラー、各種タンクなどを日本・中国・アジアで製造・販売する。
8045.T,水産物卸の会社。地方卸売市場での鮮魚・冷凍品・加工品などの卸売を主力に、量販店・外食向け販売や物流センターの賃貸も手がける。
548A.T,システムインテグレーター。業務システム開発やITインフラ構築、クラウド導入、AI・データベース・データ活用、DX支援サービスなどを幅広く手がける。
6118.T,プレス機械の大手メーカー。サーボプレスや鍛造プレスの製造・販売を主力に、自動加工ライン、産業用ロボット、金型や保守サービスを世界展開する。
6730.T,半導体LSIの設計・販売を手がけるファブレスメーカー。グラフィックスや音声、機械学習、ブロックチェーン関連の技術開発、ソフトウェア販売なども展開。
6245.T,塗工機（コーティングマシン）の大手メーカー。光学フィルムや電池電極、電子材料向けの塗工・ラミネート装置や各種産業機械の製造・販売を手がける。
8103.T,化学品の専門商社。化学品・潤滑油・電池材料を主力に、レアアースなどの鉱物資源、難燃剤、建設資材の販売を国内外で手がける。
3577.T,染色加工の大手。テキスタイルのデザイン・プリント・染色・仕上げ加工を主力に、染色用自動制御装置の開発販売や縫製品販売、保育支援事業も手がける。
7446.T,化学品・試薬の専門商社。医薬品や臨床検査試薬、農薬、食品添加物、工業薬品・試薬を医療機関・大学・企業向けに販売する。
3674.T,ネットオークション・通販の相場情報サイト「aucfan」を運営。EC出品支援ツールや複数ネットショップの一元管理システムなど、EC事業者向け支援サービスを展開。
4301.T,大手芸能プロダクション。アーティストマネジメントを主力に、ライブ・コンサートなどのエンタテインメント事業、音楽・映像作品の企画制作、ファンクラブ運営を展開。
5464.T,ステンレス鋼管の大手メーカー。ステンレスパイプ・条鋼・加工品や家庭用品、機械構造用の電縫鋼管などの製造・販売を手がける。
8700.T,名古屋地盤の証券会社。国内外の株式・債券や投資信託の販売など投資・金融サービスを手がける。東海東京フィナンシャル・ホールディングス傘下。
4628.T,建築用塗料の大手メーカー。水性塗料や無機塗料など建築仕上塗材の製造・販売を主力に、断熱・耐火材料や特殊仕上げ工事の請負も手がける。
9478.T,IT・コンピュータ関連書籍の出版を主力とする。技術書・翻訳書の出版販売のほか、IT関連イベントの運営、ソフトウェア販売、不動産賃貸なども手がける。
4996.T,農薬の大手メーカー。水稲用除草剤を中心に殺菌剤などの農業用薬品を国内外で製造・販売し、ファインケミカル製品も手がける。
189A.T,医療・介護福祉事業者向けの経営支援会社。コンサルティングや業務改善、人材・アウトソーシングサービス、診療報酬債権などの買取、医療機器リースを提供する。
9980.T,女性用下着の製造販売を主力とする。補正下着やランジェリー、ボディケア化粧品、マタニティ・ベビー用品の販売のほか、ウェディング関連事業も展開。
5757.T,黄銅（真鍮）棒・線の大手メーカー。鍛造・切削による精密部品、「CK」ブランドの給排水器具、溶融亜鉛めっき製品の製造・販売も手がける。
6678.T,採血管自動準備装置を主力とする医療機器メーカー。採血・採尿支援システムや体外診断用分析装置の研究開発・製造・販売、消耗品供給を手がける。
9760.T,学習塾「進学会」を展開する。授業・講習や公開模試の実施を主力に、教育用ソフトの開発、スポーツクラブ運営、不動産管理なども手がける。
1899.T,建設・不動産会社。建築・土木工事の請負や企画・設計・監理を主力に、不動産の売買・賃貸・管理、住宅の建設販売、地域・都市開発も手がける。
3943.T,産業用包装資材のメーカー。卵パックなどのパルプモウルドや重包装袋、段ボール、食品包装用プラスチックフィルムの製造・販売を手がける。
1724.T,ケーブルテレビ（CATV）向けシステムインテグレーター。CATV局の設備設計・施工・機器調達からネット接続ソリューション、構内ネットワーク構築まで手がける。
2329.T,映像制作の大手。CM・映画・ドラマ・アニメの企画制作、外国映画の吹替・字幕制作、衛星放送などのメディア事業を幅広く展開する。
3580.T,合成繊維織物の大手メーカー。スポーツ衣料やユニフォーム向け生地を主力に、車両内装・医療福祉・電気材料など産業用の高機能素材も企画・製造・販売する。
6022.T,船舶用ディーゼルエンジンの専門メーカー。舶用機関の製造・販売・修理を主力に、エンジン監視装置や排ガス処理システムなど各種機械装置も手がける。
3653.T,画像処理・AI技術の研究開発企業。スマートフォン向け画像処理ソフトや車載向けAIソリューションなどを国内外に提供する。
9857.T,計測・制御機器の専門商社。圧力・温度・流量などの工業計器や制御機器、環境計測・分析機器、検査機器、産業機械の販売を手がける。
8152.T,高機能化学品の専門商社・メーカー。電子部品向け機能性フィルムやモーター用絶縁材料、光学機器向け遮光フィルム、環境・食品材料などを国内外で手がける。
373A.T,メンズ美容ブランド「LIPPS」を展開。男性向けヘアケア・スキンケア・メイク製品の開発・販売と、ヘアサロンのフランチャイズ運営を手がける。
6382.T,塗装プラント・塗装機器の専門メーカー。自動車などの塗装システムの企画・設計から製造・据付・アフターサービスまで一貫して手がける。
6494.T,工業炉の専門メーカー。石油精製・石油化学プラント向けの加熱・燃焼システムや、廃液・廃ガス用の各種焼却炉の設計・製造・販売を手がける。
7689.T,実演販売の会社。キッチン用品や美容健康グッズなどの実演販売と卸売を主力に、テレビ通販への出演、実演販売士の養成・派遣、販促支援も手がける。
6229.T,バルブの専門メーカー。バタフライバルブを主力に、建築設備・発電・造船・各種プラント向けの流体制御機器を開発・製造・販売する。
6882.T,パワー半導体と電源機器のメーカー。サイリスタや整流ダイオードなどの半導体素子と、産業用電源装置・電力調整器の製造・販売を国内外で手がける。
9845.T,工業用ファインケミカルのメーカー・商社。洗浄剤・防錆剤などの化成品、シール材・接着剤、防音材の開発・製造・販売や機械設備の輸入販売を手がける。
7952.T,ピアノの大手楽器メーカー。グランド・アップライト・電子ピアノの製造販売を主力に、音楽教室・体育教室の運営、精密金属・木工・電子部品事業も手がける。
5129.T,クラウド上のシステム開発を手がける。新規システム開発や既存システムのクラウド移行、クラウドライセンスの再販、運用管理サービス、SaaS事業を展開。
5218.T,光学ガラスの専門メーカー。レンズ用光学ガラスや「クリアセラム」などのガラスセラミックスを製造し、光学機器・エレクトロニクス向けに国内外で販売する。
1866.T,総合建設会社。建築・土木工事の企画・設計・施工・コンサルティングを主力に、ゴルフ場・ホテルの運営や広告代理店事業、再生可能エネルギー事業も手がける。
5449.T,形鋼・棒鋼など条鋼製品のメーカー。建設・土木・造船・産業機械向けに山形鋼や溝形鋼、異形棒鋼、ビレットなどの製造・販売を手がける。
6338.T,半導体・液晶関連装置のメーカー。SiCやサファイアなど硬脆材料向けの精密切断装置（マルチワイヤーソー）を主力に、繊維機械や医療機器も手がける。
2693.T,工作機械・産業機械の専門商社。工作機械や測定機器、電子部品実装・半導体実装装置などの輸出入・販売とアフターサービスを手がける。
6832.T,電子部品・半導体パッケージのメーカー。集積回路や光センサー、LED、サーマルプリントヘッド、MEMSデバイスなどの製造・販売を国内外で手がける。
9996.T,仙台地盤の業務用食品卸。菓子・パン材料や学校・産業給食、ホテル・外食向け食材の卸売を主力に、小売事業や物流サービスも手がける。
7567.T,産業用電子部品の商社。スイッチング電源やコネクタ、プリント基板、センサー、FA・制御機器など幅広い電子部品・機器を販売する。
3512.T,製紙用フェルトの大手メーカー。抄紙用プレスフェルトやシュープレスベルトを主力に、フィルタークロスなど各種産業用繊維製品も手がける。
4591.T,RNAアプタマーを用いた医薬品の研究開発を手がける創薬ベンチャー。加齢黄斑変性や軟骨無形成症、肺動脈性肺高血圧症などを対象に開発を進める。
6496.T,自動調節弁・バタフライバルブの専門メーカー。遠隔操作装置や発電プラント向けバルブの設計・製造・販売、減圧装置などの据付工事も手がける。
6918.T,産業用電子機器のメーカー。画像処理装置や近赤外カメラ、高速光通信ボードなど計測・制御用機器の開発・製造と、受託開発・カスタマイズを手がける。
4316.T,モバイル系システム開発会社。鉄道向け経路検索システムや公衆無線LAN向けWi-Fi認証システムの開発・保守など、無線・モビリティ関連事業を展開。
4772.T,韓国エンタメ専門チャンネル「KNTV」の放送を手がける。K-POPアーティストの日本でのマネジメントやファンクラブ運営、イベント・グッズ・音楽事業も展開。
