コード,新業種
3600,繊維・紙パルプ
7034,コンサルティング・BPO
5856,衣料・家電・専門店
9885,建材・資材・エネルギー卸
3189,衣料・家電・専門店
1897,ゼネコン・総合建設
7297,自動車・輸送用機器
2484,Webプラットフォーム・EC
6513,半導体・半導体製造装置
6771,民生電機・情報端末
2055,食品製造・飲料・酒類
8617,証券・保険・その他金融
4387,ソフトウェア・SaaS
6986,電子部品・デバイス
5956,金属製品・金属加工
7399,自動車・輸送用機器
7427,建材・資材・エネルギー卸
6943,重電・産業用電機
5658,鉄鋼・非鉄金属
2788,総合商社・貿易
8881,不動産管理・仲介・賃貸
8917,不動産開発・デベロッパー
5900,金属製品・金属加工
7879,住宅設備・家具・生活用品
5921,金属製品・金属加工
6222,産業機械・工作機械
5753,鉄鋼・非鉄金属
5962,住宅設備・家具・生活用品
8013,繊維・紙パルプ
8746,証券・保険・その他金融
6390,建設機械・農業機械
5603,鉄鋼・非鉄金属
8040,繊維・紙パルプ
8138,医薬品卸・その他専門卸
6249,産業機械・工作機械
4102,基礎化学・石油化学
7902,住宅設備・家具・生活用品
3787,ソフトウェア・SaaS
6155,産業機械・工作機械
6049,エンタメ・スポーツ・その他サービス
8144,機械・電子部品卸
8891,不動産管理・仲介・賃貸
5280,不動産開発・デベロッパー
6964,電子部品・デバイス
5909,金属製品・金属加工
6257,産業機械・工作機械
5923,金属製品・金属加工
3396,EC・通販・無店舗販売
8904,不動産開発・デベロッパー
8165,EC・通販・無店舗販売
8772,証券・保険・その他金融
7851,住宅設備・家具・生活用品
4234,機能性化学・先端材料
3261,不動産管理・仲介・賃貸
9767,エンタメ・スポーツ・その他サービス
5408,鉄鋼・非鉄金属
5928,金属製品・金属加工
7442,建材・資材・エネルギー卸
2388,証券・保険・その他金融
4624,機能性化学・先端材料
7219,自動車・輸送用機器
7857,住宅設備・家具・生活用品
6467,産業機械・工作機械
7266,自動車・輸送用機器
9914,機械・電子部品卸
8995,不動産開発・デベロッパー
1994,設備工事・専門工事
9162,広告・PR・マーケティング
8046,建材・資材・エネルギー卸
5988,金属製品・金属加工
8147,機械・電子部品卸
7624,機械・電子部品卸
8119,総合商社・貿易
4341,エンタメ・スポーツ・その他サービス
7229,自動車・輸送用機器
7538,食品・農産物卸
9929,医薬品卸・その他専門卸
7877,機能性化学・先端材料
9872,建材・資材・エネルギー卸
6262,産業機械・工作機械
4839,通信キャリア・放送
6228,産業機械・工作機械
2193,エンタメ・スポーツ・その他サービス
2499,コンサルティング・BPO
7991,産業機械・工作機械
7887,住宅設備・家具・生活用品
7841,住宅設備・家具・生活用品
6346,産業機械・工作機械
6054,エンタメ・スポーツ・その他サービス
5918,金属製品・金属加工
4231,機能性化学・先端材料
2917,食品製造・飲料・酒類
1420,ゼネコン・総合建設
6867,民生電機・情報端末
3439,金属製品・金属加工
1758,ゼネコン・総合建設
7871,機能性化学・先端材料
7347,証券・保険・その他金融
8135,建材・資材・エネルギー卸
3320,建材・資材・エネルギー卸
9854,衣料・家電・専門店
3426,金属製品・金属加工
5541,鉄鋼・非鉄金属
6393,産業機械・工作機械
4629,機能性化学・先端材料
5971,金属製品・金属加工
7531,建材・資材・エネルギー卸
4569,医薬品・バイオ
7434,建材・資材・エネルギー卸
3246,不動産開発・デベロッパー
6342,産業機械・工作機械
5984,金属製品・金属加工
5697,鉄鋼・非鉄金属
3420,金属製品・金属加工
1850,ゼネコン・総合建設
7937,住宅設備・家具・生活用品
4224,機能性化学・先端材料
4705,教育・研修・資格
7670,建材・資材・エネルギー卸
6694,民生電機・情報端末
2795,建材・資材・エネルギー卸
3758,ゲーム・デジタルコンテンツ
5951,金属製品・金属加工
7435,建材・資材・エネルギー卸
7422,医薬品卸・その他専門卸
3236,不動産開発・デベロッパー
5819,鉄鋼・非鉄金属
3161,建材・資材・エネルギー卸
7175,証券・保険・その他金融
5946,金属製品・金属加工
8938,不動産管理・仲介・賃貸
6292,産業機械・工作機械
3668,ゲーム・デジタルコンテンツ
6748,重電・産業用電機
9972,建材・資材・エネルギー卸
6335,産業機械・工作機械
7021,産業機械・工作機械
2814,食品製造・飲料・酒類
6899,電子部品・デバイス
7997,住宅設備・家具・生活用品
4360,基礎化学・石油化学
5187,計測・分析・光学機器
5446,鉄鋼・非鉄金属
3632,ゲーム・デジタルコンテンツ
6718,民生電機・情報端末
9876,衣料・家電・専門店
8869,不動産管理・仲介・賃貸
5282,ガラス・セラミックス・ゴム
3537,医薬品卸・その他専門卸
8595,証券・保険・その他金融
6497,産業機械・工作機械
2168,人材サービス・派遣
7264,自動車・輸送用機器
5079,ゼネコン・総合建設
7122,自動車・輸送用機器
8281,衣料・家電・専門店
3765,ゲーム・デジタルコンテンツ
1853,ゼネコン・総合建設
7218,自動車・輸送用機器
7908,機能性化学・先端材料
4627,機能性化学・先端材料
4243,機能性化学・先端材料
4625,機能性化学・先端材料
7521,建材・資材・エネルギー卸
5986,金属製品・金属加工
6743,民生電機・情報端末
6150,産業機械・工作機械
7975,住宅設備・家具・生活用品
5966,金属製品・金属加工
3477,不動産開発・デベロッパー
7464,建材・資材・エネルギー卸
4365,機能性化学・先端材料
3639,ゲーム・デジタルコンテンツ
7865,住宅設備・家具・生活用品
2491,広告・PR・マーケティング
5078,ゼネコン・総合建設
3054,建材・資材・エネルギー卸
3297,不動産管理・仲介・賃貸
5915,金属製品・金属加工
8584,証券・保険・その他金融
7279,自動車・輸送用機器
9895,建材・資材・エネルギー卸
6159,産業機械・工作機械
2489,広告・PR・マーケティング
8159,機械・電子部品卸
3954,繊維・紙パルプ
143A,広告・PR・マーケティング
4644,Webプラットフォーム・EC
3710,ソフトウェア・SaaS
8076,建材・資材・エネルギー卸
7486,建材・資材・エネルギー卸
7985,金属製品・金属加工
7957,住宅設備・家具・生活用品
3131,機械・電子部品卸
5969,金属製品・金属加工
7885,住宅設備・家具・生活用品
3134,EC・通販・無店舗販売
6325,建設機械・農業機械
6797,民生電機・情報端末
7628,建材・資材・エネルギー卸
6276,民生電機・情報端末
7472,機械・電子部品卸
6151,産業機械・工作機械
7537,機械・電子部品卸
6820,民生電機・情報端末
2221,調味料・菓子・冷凍食品
8141,機械・電子部品卸
3583,繊維・紙パルプ
9932,機械・電子部品卸
6778,民生電機・情報端末
4170,SI・受託開発(中堅)
5945,金属製品・金属加工
6158,産業機械・工作機械
3386,建材・資材・エネルギー卸
3892,繊維・紙パルプ
3944,繊維・紙パルプ
7928,機能性化学・先端材料
2497,エンタメ・スポーツ・その他サービス
3851,ゲーム・デジタルコンテンツ
3895,繊維・紙パルプ
9867,建材・資材・エネルギー卸
5997,金属製品・金属加工
7953,住宅設備・家具・生活用品
5363,ガラス・セラミックス・ゴム
1887,ゼネコン・総合建設
1793,ゼネコン・総合建設
7872,住宅設備・家具・生活用品
3417,建材・資材・エネルギー卸
3277,不動産管理・仲介・賃貸
6349,産業機械・工作機械
7614,食品スーパー・コンビニ
8075,建材・資材・エネルギー卸
6360,産業機械・工作機械
9414,通信キャリア・放送
6907,電子部品・デバイス
3641,ゲーム・デジタルコンテンツ
2654,食品スーパー・コンビニ
1376,資源・エネルギー・農林水産
3953,繊維・紙パルプ
5440,鉄鋼・非鉄金属
4829,ソフトウェア・SaaS
2449,コンサルティング・BPO
6358,建設機械・農業機械
5958,金属製品・金属加工
3597,繊維・紙パルプ
8093,機械・電子部品卸
5388,ガラス・セラミックス・ゴム
4548,医薬品・バイオ
3388,機械・電子部品卸
7859,住宅設備・家具・生活用品
6485,産業機械・工作機械
8123,建材・資材・エネルギー卸
5304,ガラス・セラミックス・ゴム
8935,不動産開発・デベロッパー
6419,産業機械・工作機械
9425,SI・受託開発(中堅)
7896,住宅設備・家具・生活用品
5368,ガラス・セラミックス・ゴム
6619,重電・産業用電機
6482,産業機械・工作機械
7820,住宅設備・家具・生活用品
1905,ゼネコン・総合建設
3958,繊維・紙パルプ
6919,電子部品・デバイス
2999,不動産開発・デベロッパー
7565,機械・電子部品卸
2700,建材・資材・エネルギー卸
8150,機械・電子部品卸
3176,機械・電子部品卸
7677,建材・資材・エネルギー卸
8084,建材・資材・エネルギー卸
8844,不動産管理・仲介・賃貸
4119,機能性化学・先端材料
7602,建材・資材・エネルギー卸
7551,自動車・輸送用機器
3321,建材・資材・エネルギー卸
6165,産業機械・工作機械
9820,不動産開発・デベロッパー
3513,繊維・紙パルプ
4308,SI・受託開発(中堅)
6149,産業機械・工作機械
7681,医薬品卸・その他専門卸
1768,ゼネコン・総合建設
7925,基礎化学・石油化学
6418,産業機械・工作機械
7265,自動車・輸送用機器
6091,エンタメ・スポーツ・その他サービス
7235,自動車・輸送用機器
8045,建材・資材・エネルギー卸
548A,SI・受託開発(中堅)
6118,産業機械・工作機械
6730,半導体・半導体製造装置
6245,産業機械・工作機械
6858,民生電機・情報端末
8103,機械・電子部品卸
5871,エンタメ・スポーツ・その他サービス
3577,繊維・紙パルプ
7446,医薬品卸・その他専門卸
3674,Webプラットフォーム・EC
4301,ホテル・旅行・レジャー
5464,鉄鋼・非鉄金属
7544,食品スーパー・コンビニ
8700,証券・保険・その他金融
4628,機能性化学・先端材料
9478,ゲーム・デジタルコンテンツ
4996,基礎化学・石油化学
6365,産業機械・工作機械
189A,医療・介護・福祉サービス
2385,エンタメ・スポーツ・その他サービス
9980,衣料・家電・専門店
5757,鉄鋼・非鉄金属
6678,民生電機・情報端末
6463,産業機械・工作機械
9760,教育・研修・資格
1899,ゼネコン・総合建設
3943,繊維・紙パルプ
1724,ゼネコン・総合建設
2329,SI・受託開発(中堅)
3580,繊維・紙パルプ
6022,産業機械・工作機械
6915,電子部品・デバイス
1807,ゼネコン・総合建設
7314,自動車・輸送用機器
3653,ソフトウェア・SaaS
9857,建材・資材・エネルギー卸
2911,食品製造・飲料・酒類
8152,建材・資材・エネルギー卸
373A,機能性化学・先端材料
8202,衣料・家電・専門店
3802,SI・受託開発(中堅)
8104,建材・資材・エネルギー卸
4925,日用化学品・化粧品
4299,ソフトウェア・SaaS
6804,重電・産業用電機
3434,金属製品・金属加工
248A,ソフトウェア・SaaS
1826,ゼネコン・総合建設
6382,産業機械・工作機械
8572,証券・保険・その他金融
9625,広告・PR・マーケティング
4936,日用化学品・化粧品
6494,産業機械・工作機械
7689,総合商社・貿易
2735,食品スーパー・コンビニ
6229,産業機械・工作機械
2425,医療・介護・福祉サービス
6882,重電・産業用電機
9845,機能性化学・先端材料
7952,玩具・スポーツ・文具・雑貨
6894,重電・産業用電機
7607,建材・資材・エネルギー卸
1770,ゼネコン・総合建設
6488,産業機械・工作機械
4120,機能性化学・先端材料
6647,重電・産業用電機
7847,住宅設備・家具・生活用品
9253,人材サービス・派遣
3291,不動産開発・デベロッパー
167A,機械・電子部品卸
7487,建材・資材・エネルギー卸
8622,証券・保険・その他金融
5129,ソフトウェア・SaaS
5218,ガラス・セラミックス・ゴム
3816,ソフトウェア・SaaS
7128,機械・電子部品卸
7510,建材・資材・エネルギー卸
1866,ゼネコン・総合建設
8616,証券・保険・その他金融
3139,建材・資材・エネルギー卸
220A,ソフトウェア・SaaS
9475,ゲーム・デジタルコンテンツ
4761,SI・受託開発(中堅)
3435,金属製品・金属加工
8705,証券・保険・その他金融
1798,ゼネコン・総合建設
5449,鉄鋼・非鉄金属
1879,ゼネコン・総合建設
4534,医薬品・バイオ
2009,食品製造・飲料・酒類
6338,産業機械・工作機械
5461,鉄鋼・非鉄金属
6104,産業機械・工作機械
2693,建材・資材・エネルギー卸
7185,証券・保険・その他金融
7946,住宅設備・家具・生活用品
4547,医薬品・バイオ
6832,半導体・半導体製造装置
7313,自動車・輸送用機器
1847,ゼネコン・総合建設
2483,コンサルティング・BPO
1867,ゼネコン・総合建設
7228,自動車・輸送用機器
4406,機能性化学・先端材料
6265,産業機械・工作機械
9996,食品・農産物卸
9339,教育・研修・資格
1811,ゼネコン・総合建設
8041,建材・資材・エネルギー卸
5458,鉄鋼・非鉄金属
9908,建材・資材・エネルギー卸
7567,機械・電子部品卸
6030,ホテル・旅行・レジャー
9755,エンタメ・スポーツ・その他サービス
5189,ガラス・セラミックス・ゴム
8101,建材・資材・エネルギー卸
2108,調味料・菓子・冷凍食品
4918,日用化学品・化粧品
3512,繊維・紙パルプ
3089,建材・資材・エネルギー卸
5976,金属製品・金属加工
1430,ゼネコン・総合建設
8871,不動産開発・デベロッパー
6706,民生電機・情報端末
1716,ゼネコン・総合建設
3766,SI・受託開発(中堅)
6034,医療・介護・福祉サービス
5820,鉄鋼・非鉄金属
6038,広告・PR・マーケティング
7287,自動車・輸送用機器
9906,建材・資材・エネルギー卸
6737,民生電機・情報端末
4591,医薬品・バイオ
5906,金属製品・金属加工
7922,住宅設備・家具・生活用品
6430,産業機械・工作機械
4429,ソフトウェア・SaaS
3932,ゲーム・デジタルコンテンツ
3437,金属製品・金属加工
9955,建材・資材・エネルギー卸
6337,産業機械・工作機械
7523,衣料・家電・専門店
4116,機能性化学・先端材料
9647,コンサルティング・BPO
6316,建設機械・農業機械
3377,建材・資材・エネルギー卸
7444,総合商社・貿易
2613,食品製造・飲料・酒類
1822,ゼネコン・総合建設
6572,エンタメ・スポーツ・その他サービス
8098,建材・資材・エネルギー卸
6496,産業機械・工作機械
4229,機能性化学・先端材料
7031,コンサルティング・BPO
8185,衣料・家電・専門店
1981,設備工事・専門工事
5816,鉄鋼・非鉄金属
1788,ゼネコン・総合建設
2481,エンタメ・スポーツ・その他サービス
7192,証券・保険・その他金融
6918,民生電機・情報端末
8737,証券・保険・その他金融
6417,産業機械・工作機械
1786,ゼネコン・総合建設
1972,設備工事・専門工事
6540,エンタメ・スポーツ・その他サービス
3908,SI・受託開発(中堅)
7370,広告・PR・マーケティング
5451,鉄鋼・非鉄金属
6927,民生電機・情報端末
7983,住宅設備・家具・生活用品
4316,SI・受託開発(中堅)
7613,建材・資材・エネルギー卸
8877,不動産開発・デベロッパー
9726,ホテル・旅行・レジャー
6848,民生電機・情報端末
6484,産業機械・工作機械
5125,SI・受託開発(中堅)
6279,産業機械・工作機械
9363,貨物・物流・倉庫
1888,ゼネコン・総合建設
7955,住宅設備・家具・生活用品
3553,基礎化学・石油化学
7833,住宅設備・家具・生活用品
2763,建材・資材・エネルギー卸
7460,建材・資材・エネルギー卸
7527,ソフトウェア・SaaS
9902,機械・電子部品卸
2053,食品製造・飲料・酒類
3682,SI・受託開発(中堅)
2961,金属製品・金属加工
4059,Webプラットフォーム・EC
2121,ゲーム・デジタルコンテンツ
4635,機能性化学・先端材料
1443,ゼネコン・総合建設
7722,計測・分析・光学機器
8091,建材・資材・エネルギー卸
9888,建材・資材・エネルギー卸
4754,エンタメ・スポーツ・その他サービス
6047,エンタメ・スポーツ・その他サービス
5542,鉄鋼・非鉄金属
9248,エンタメ・スポーツ・その他サービス
7292,自動車・輸送用機器
5959,金属製品・金属加工
4990,機能性化学・先端材料
7077,エンタメ・スポーツ・その他サービス
4772,AI・データ・IoT
7208,自動車・輸送用機器
3431,金属製品・金属加工
7539,建材・資材・エネルギー卸
8742,証券・保険・その他金融
9408,SI・受託開発(中堅)
3930,Webプラットフォーム・EC
8014,建材・資材・エネルギー卸
6870,民生電機・情報端末
6897,民生電機・情報端末
4620,機能性化学・先端材料
9466,SI・受託開発(中堅)
4934,日用化学品・化粧品
4623,機能性化学・先端材料
4388,SI・受託開発(中堅)
3826,ソフトウェア・SaaS
3839,SI・受託開発(中堅)
2408,エンタメ・スポーツ・その他サービス
7351,エンタメ・スポーツ・その他サービス
4095,機能性化学・先端材料
6063,医療・介護・福祉サービス
1795,ゼネコン・総合建設
3903,ゲーム・デジタルコンテンツ
6626,電子部品・デバイス
196A,証券・保険・その他金融
3071,EC・通販・無店舗販売
5357,ガラス・セラミックス・ゴム
4992,基礎化学・石油化学
6794,民生電機・情報端末
5695,鉄鋼・非鉄金属
8137,機械・電子部品卸
3911,ゲーム・デジタルコンテンツ
331A,広告・PR・マーケティング
4512,医薬品・バイオ
5410,鉄鋼・非鉄金属
9404,通信キャリア・放送
9990,衣料・家電・専門店
1799,ゼネコン・総合建設
3143,食品・農産物卸
5967,金属製品・金属加工
6637,重電・産業用電機
2330,SI・受託開発(中堅)
304A,SI・受託開発(中堅)
6384,産業機械・工作機械
6517,民生電機・情報端末
3622,SI・受託開発(中堅)
9563,エンタメ・スポーツ・その他サービス
6505,民生電機・情報端末
6905,重電・産業用電機
2819,食品製造・飲料・酒類
5527,不動産管理・仲介・賃貸
5983,金属製品・金属加工
8747,証券・保険・その他金融
8052,機械・電子部品卸
4351,証券・保険・その他金融
7600,計測・分析・光学機器
7046,エンタメ・スポーツ・その他サービス
7140,衣料・家電・専門店
6580,コンサルティング・BPO
6676,民生電機・情報端末
7916,住宅設備・家具・生活用品
7878,住宅設備・家具・生活用品
7965,民生電機・情報端末
1780,ゼネコン・総合建設
3352,衣料・家電・専門店
6599,民生電機・情報端末
4994,機能性化学・先端材料
5131,SI・受託開発(中堅)
8023,AI・データ・IoT
7837,住宅設備・家具・生活用品
3416,EC・通販・無店舗販売
4728,ゲーム・デジタルコンテンツ
7782,計測・分析・光学機器
8127,繊維・紙パルプ
7213,自動車・輸送用機器
7299,自動車・輸送用機器
8158,建材・資材・エネルギー卸
3079,建材・資材・エネルギー卸
6161,産業機械・工作機械
8999,不動産管理・仲介・賃貸
7466,建材・資材・エネルギー卸
8066,総合商社・貿易
8226,建材・資材・エネルギー卸
3299,不動産開発・デベロッパー
5957,金属製品・金属加工
4725,SI・受託開発(中堅)
3550,衣料・家電・専門店
9739,SI・受託開発(中堅)
7989,金属製品・金属加工
3375,衣料・家電・専門店
6552,エンタメ・スポーツ・その他サービス
3646,Webプラットフォーム・EC
7940,機能性化学・先端材料
4736,SI・受託開発(中堅)
8946,不動産管理・仲介・賃貸
3266,不動産開発・デベロッパー
7634,医薬品卸・その他専門卸
6664,民生電機・情報端末
8059,建材・資材・エネルギー卸
3800,ソフトウェア・SaaS
9193,貨物・物流・倉庫
5911,金属製品・金属加工
7296,自動車・輸送用機器
5240,ソフトウェア・SaaS
4094,機能性化学・先端材料
3023,総合商社・貿易
6923,民生電機・情報端末
3267,ゼネコン・総合建設
3799,SI・受託開発(中堅)
2479,エンタメ・スポーツ・その他サービス
9409,通信キャリア・放送
4076,SI・受託開発(中堅)
7849,ゲーム・デジタルコンテンツ
7425,建材・資材・エネルギー卸
3760,ゲーム・デジタルコンテンツ
6741,重電・産業用電機
3306,建材・資材・エネルギー卸
6247,産業機械・工作機械
4893,医薬品・バイオ
5184,ガラス・セラミックス・ゴム
9799,SI・受託開発(中堅)
8077,機械・電子部品卸
8011,繊維・紙パルプ
9330,広告・PR・マーケティング
6844,電子部品・デバイス
2883,食品製造・飲料・酒類
6069,広告・PR・マーケティング
2806,食品製造・飲料・酒類
7501,建材・資材・エネルギー卸
6248,産業機械・工作機械
3772,不動産開発・デベロッパー
6033,エンタメ・スポーツ・その他サービス
6489,産業機械・工作機械
8707,証券・保険・その他金融
2411,SI・受託開発(中堅)
6769,半導体・半導体製造装置
7938,住宅設備・家具・生活用品
4616,機能性化学・先端材料
4880,医薬品・バイオ
7447,建材・資材・エネルギー卸
6809,民生電機・情報端末
1964,ゼネコン・総合建設
7962,住宅設備・家具・生活用品
7804,住宅設備・家具・生活用品
9986,機械・電子部品卸
5302,ガラス・セラミックス・ゴム
9753,SI・受託開発(中堅)
8118,繊維・紙パルプ
7483,建材・資材・エネルギー卸
6864,電子部品・デバイス
130A,医薬品・バイオ
3611,繊維・紙パルプ
1911,ゼネコン・総合建設
2349,SI・受託開発(中堅)
9827,建材・資材・エネルギー卸
7813,住宅設備・家具・生活用品
3948,繊維・紙パルプ
6763,重電・産業用電機
4769,SI・受託開発(中堅)
7723,計測・分析・光学機器
7417,機械・電子部品卸
4619,日用化学品・化粧品
6345,建設機械・農業機械
8945,不動産管理・仲介・賃貸
8043,建材・資材・エネルギー卸
3636,SI・受託開発(中堅)
6405,産業機械・工作機械
4356,SI・受託開発(中堅)
6901,民生電機・情報端末
7590,建材・資材・エネルギー卸
6209,産業機械・工作機械
1810,ゼネコン・総合建設
9698,ソフトウェア・SaaS
6282,産業機械・工作機械
9994,食品スーパー・コンビニ
256A,ゼネコン・総合建設
6267,産業機械・工作機械
7039,コンサルティング・BPO
8006,食品・農産物卸
7749,計測・分析・光学機器
3571,繊維・紙パルプ
3670,通信キャリア・放送
7067,広告・PR・マーケティング
4069,ソフトウェア・SaaS
3913,ソフトウェア・SaaS
7800,住宅設備・家具・生活用品
7459,医薬品卸・その他専門卸
1514,資源・エネルギー・農林水産
2831,食品製造・飲料・酒類
7112,衣料・家電・専門店
3848,ソフトウェア・SaaS
4997,基礎化学・石油化学
6156,産業機械・工作機械
1997,ゼネコン・総合建設
4883,医薬品・バイオ
6157,産業機械・工作機械
6445,産業機械・工作機械
5186,ガラス・セラミックス・ゴム
6926,電子部品・デバイス
5122,ガラス・セラミックス・ゴム
7305,鉄鋼・非鉄金属
6246,産業機械・工作機械
7087,エンタメ・スポーツ・その他サービス
9991,建材・資材・エネルギー卸
3159,衣料・家電・専門店
1960,ゼネコン・総合建設
3627,ソフトウェア・SaaS
3482,不動産管理・仲介・賃貸
2153,エンタメ・スポーツ・その他サービス
2908,食品製造・飲料・酒類
3529,繊維・紙パルプ
9441,SI・受託開発(中堅)
4719,ソフトウェア・SaaS
6291,産業機械・工作機械
9622,エンタメ・スポーツ・その他サービス
9341,エンタメ・スポーツ・その他サービス
9780,コンサルティング・BPO
6103,産業機械・工作機械
6863,民生電機・情報端末
5939,金属製品・金属加工
7525,建材・資材・エネルギー卸
4247,機能性化学・先端材料
6286,産業機械・工作機械
8219,衣料・家電・専門店
1762,ゼネコン・総合建設
3559,建材・資材・エネルギー卸
3355,機械・電子部品卸
4270,ソフトウェア・SaaS
6898,民生電機・情報端末
5619,SI・受託開発(中堅)
6230,産業機械・工作機械
7931,機能性化学・先端材料
3825,衣料・家電・専門店
3665,Webプラットフォーム・EC
198A,ソフトウェア・SaaS
4287,SI・受託開発(中堅)
5982,金属製品・金属加工
7482,建材・資材・エネルギー卸
6998,民生電機・情報端末
8154,機械・電子部品卸
1835,ゼネコン・総合建設
7294,自動車・輸送用機器
1828,ゼネコン・総合建設
8018,建材・資材・エネルギー卸
6364,産業機械・工作機械
4265,SI・受託開発(中堅)
9476,ゲーム・デジタルコンテンツ
1914,ゼネコン・総合建設
3302,繊維・紙パルプ
7477,建材・資材・エネルギー卸
7713,計測・分析・光学機器
8085,機械・電子部品卸
244A,SI・受託開発(中堅)
6309,産業機械・工作機械
4978,機能性化学・先端材料
2185,エンタメ・スポーツ・その他サービス
5943,金属製品・金属加工
4540,医薬品・バイオ
3698,ゲーム・デジタルコンテンツ
5142,基礎化学・石油化学
3421,金属製品・金属加工
192A,エンタメ・スポーツ・その他サービス
4434,ソフトウェア・SaaS
7433,建材・資材・エネルギー卸
6322,産業機械・工作機械
5576,SI・受託開発(中堅)
4471,機能性化学・先端材料
6125,産業機械・工作機械
4767,広告・PR・マーケティング
7807,住宅設備・家具・生活用品
6912,重電・産業用電機
5237,ガラス・セラミックス・ゴム
9413,通信キャリア・放送
9344,人材サービス・派遣
4394,SI・受託開発(中堅)
6592,重電・産業用電機
8029,繊維・紙パルプ
7769,計測・分析・光学機器
6493,自動車・輸送用機器
8708,証券・保険・その他金融
7860,SI・受託開発(中堅)
7079,医療・介護・福祉サービス
2792,衣料・家電・専門店
4376,SI・受託開発(中堅)
4524,医薬品・バイオ
4752,SI・受託開発(中堅)
3940,SI・受託開発(中堅)
1976,ゼネコン・総合建設
4112,機能性化学・先端材料
6742,民生電機・情報端末
4372,ソフトウェア・SaaS
3768,SI・受託開発(中堅)
6239,産業機械・工作機械
483A,SI・受託開発(中堅)
4240,機能性化学・先端材料
9651,ソフトウェア・SaaS
9258,広告・PR・マーケティング
1301,資源・エネルギー・農林水産
4521,医薬品・バイオ
6336,産業機械・工作機械
2612,食品製造・飲料・酒類
8918,不動産開発・デベロッパー
8081,建材・資材・エネルギー卸
3680,ソフトウェア・SaaS
9345,教育・研修・資格
6082,エンタメ・スポーツ・その他サービス
7545,衣料・家電・専門店
4072,SI・受託開発(中堅)
6989,電子部品・デバイス
550A,ソフトウェア・SaaS
7844,ゲーム・デジタルコンテンツ
6874,民生電機・情報端末
6137,産業機械・工作機械
4998,基礎化学・石油化学
3461,不動産開発・デベロッパー
7254,自動車・輸送用機器
8078,建材・資材・エネルギー卸
1450,ゼネコン・総合建設
3020,衣料・家電・専門店
7050,広告・PR・マーケティング
3841,ソフトウェア・SaaS
9376,ホテル・旅行・レジャー
1928,ゼネコン・総合建設
4172,SI・受託開発(中堅)
6050,エンタメ・スポーツ・その他サービス
7240,自動車・輸送用機器
1966,ゼネコン・総合建設
5990,金属製品・金属加工
8613,証券・保険・その他金融
2461,広告・PR・マーケティング
6635,電子部品・デバイス
5356,ガラス・セラミックス・ゴム
7114,食品・農産物卸
4093,基礎化学・石油化学
2415,教育・研修・資格
7595,ソフトウェア・SaaS
1377,資源・エネルギー・農林水産
423A,建材・資材・エネルギー卸
8887,不動産開発・デベロッパー
7239,自動車・輸送用機器
1787,ゼネコン・総合建設
5535,不動産管理・仲介・賃貸
4017,SI・受託開発(中堅)
6630,民生電機・情報端末
4378,ソフトウェア・SaaS
5138,Webプラットフォーム・EC
3965,ソフトウェア・SaaS
2750,総合商社・貿易
5950,金属製品・金属加工
5702,鉄鋼・非鉄金属
7276,民生電機・情報端末
5018,資源・エネルギー・農林水産
9987,医薬品卸・その他専門卸
5659,鉄鋼・非鉄金属
8927,不動産開発・デベロッパー
2493,エンタメ・スポーツ・その他サービス
5423,鉄鋼・非鉄金属
2186,エンタメ・スポーツ・その他サービス
2475,人材サービス・派遣
5273,ガラス・セラミックス・ゴム
7222,自動車・輸送用機器
6307,産業機械・工作機械
6824,民生電機・情報端末
2722,百貨店・総合スーパー
2733,建材・資材・エネルギー卸
3490,不動産管理・仲介・賃貸
4362,機能性化学・先端材料
6888,SI・受託開発(中堅)
2122,広告・PR・マーケティング
9709,SI・受託開発(中堅)
3059,衣料・家電・専門店
6995,自動車・輸送用機器
4027,機能性化学・先端材料
6459,産業機械・工作機械
3598,繊維・紙パルプ
9856,衣料・家電・専門店
3245,不動産管理・仲介・賃貸
6351,産業機械・工作機械
1967,ゼネコン・総合建設
4178,ソフトウェア・SaaS
4249,機能性化学・先端材料
3183,医薬品卸・その他専門卸
3950,繊維・紙パルプ
4951,日用化学品・化粧品
3624,Webプラットフォーム・EC
9715,エンタメ・スポーツ・その他サービス
6850,民生電機・情報端末
2784,医薬品卸・その他専門卸
4977,機能性化学・先端材料
442A,繊維・紙パルプ
7863,住宅設備・家具・生活用品
6662,民生電機・情報端末
4881,医薬品・バイオ
6677,電子部品・デバイス
2916,調味料・菓子・冷凍食品
3201,繊維・紙パルプ
9273,医薬品卸・その他専門卸
1382,資源・エネルギー・農林水産
547A,証券・保険・その他金融
5602,鉄鋼・非鉄金属
1992,ゼネコン・総合建設
1941,ゼネコン・総合建設
2815,食品製造・飲料・酒類
6663,電子部品・デバイス
5590,ソフトウェア・SaaS
7927,機能性化学・先端材料
5445,鉄鋼・非鉄金属
8624,証券・保険・その他金融
7172,証券・保険・その他金融
8508,証券・保険・その他金融
6198,人材サービス・派遣
8065,建材・資材・エネルギー卸
4882,医薬品・バイオ
7270,自動車・輸送用機器
6466,産業機械・工作機械
2477,Webプラットフォーム・EC
8934,不動産管理・仲介・賃貸
6340,産業機械・工作機械
8928,不動産管理・仲介・賃貸
3678,ゲーム・デジタルコンテンツ
9629,ソフトウェア・SaaS
5660,鉄鋼・非鉄金属
2152,教育・研修・資格
7949,住宅設備・家具・生活用品
7673,建材・資材・エネルギー卸
7803,住宅設備・家具・生活用品
3172,EC・通販・無店舗販売
6333,産業機械・工作機械
3963,SI・受託開発(中堅)
5035,SI・受託開発(中堅)
9127,貨物・物流・倉庫
6391,産業機械・工作機械
9212,エンタメ・スポーツ・その他サービス
2915,食品製造・飲料・酒類
7231,自動車・輸送用機器
9849,医薬品卸・その他専門卸
4667,ソフトウェア・SaaS
6070,人材サービス・派遣
6932,民生電機・情報端末
8051,建材・資材・エネルギー卸
5463,鉄鋼・非鉄金属
5563,鉄鋼・非鉄金属
6167,産業機械・工作機械
5947,金属製品・金属加工
4526,食品製造・飲料・酒類
9225,コンサルティング・BPO
5941,金属製品・金属加工
5868,エンタメ・スポーツ・その他サービス
9768,エンタメ・スポーツ・その他サービス
1938,ゼネコン・総合建設
9930,建材・資材・エネルギー卸
5185,ガラス・セラミックス・ゴム
7480,建材・資材・エネルギー卸
1720,ゼネコン・総合建設
9265,医薬品卸・その他専門卸
1435,不動産管理・仲介・賃貸
2332,SI・受託開発(中堅)
5192,ガラス・セラミックス・ゴム
5973,金属製品・金属加工
6191,ホテル・旅行・レジャー
2737,機械・電子部品卸
4491,ソフトウェア・SaaS
6455,自動車・輸送用機器
3333,衣料・家電・専門店
1930,ゼネコン・総合建設
4097,機能性化学・先端材料
8704,証券・保険・その他金融
5262,ガラス・セラミックス・ゴム
2335,SI・受託開発(中堅)
1662,資源・エネルギー・農林水産
3991,Webプラットフォーム・EC
6272,産業機械・工作機械
6379,ゼネコン・総合建設
4914,機能性化学・先端材料
4220,基礎化学・石油化学
6803,民生電機・情報端末
4310,エンタメ・スポーツ・その他サービス
6203,産業機械・工作機械
7976,住宅設備・家具・生活用品
1852,ゼネコン・総合建設
2341,エンタメ・スポーツ・その他サービス
7864,住宅設備・家具・生活用品
4012,SI・受託開発(中堅)
4465,日用化学品・化粧品
7702,計測・分析・光学機器
2305,エンタメ・スポーツ・その他サービス
5268,ガラス・セラミックス・ゴム
6770,電子部品・デバイス
6395,建設機械・農業機械
6675,民生電機・情報端末
206A,医薬品・バイオ
2975,不動産管理・仲介・賃貸
2342,エンタメ・スポーツ・その他サービス
6788,民生電機・情報端末
4053,SI・受託開発(中堅)
4516,医薬品・バイオ
3934,通信キャリア・放送
4750,エンタメ・スポーツ・その他サービス
6143,産業機械・工作機械
2114,調味料・菓子・冷凍食品
4577,医薬品・バイオ
3773,SI・受託開発(中堅)
4956,機能性化学・先端材料
4284,ソフトウェア・SaaS
4792,コンサルティング・BPO
6381,産業機械・工作機械
4659,コンサルティング・BPO
7921,住宅設備・家具・生活用品
6339,産業機械・工作機械
9438,SI・受託開発(中堅)
3465,不動産管理・仲介・賃貸
6643,重電・産業用電機
8898,不動産管理・仲介・賃貸
9621,エンタメ・スポーツ・その他サービス
7255,自動車・輸送用機器
4840,エンタメ・スポーツ・その他サービス
3288,不動産開発・デベロッパー
3284,不動産開発・デベロッパー
7717,計測・分析・光学機器
7951,住宅設備・家具・生活用品
1518,住宅設備・家具・生活用品
4171,SI・受託開発(中堅)
1814,ゼネコン・総合建設
1844,ゼネコン・総合建設
4238,機能性化学・先端材料
4931,機能性化学・先端材料
9233,鉄道・バス・旅客運輸
7514,衣料・家電・専門店
4673,エンタメ・スポーツ・その他サービス
137A,ソフトウェア・SaaS
3918,SI・受託開発(中堅)
4167,ソフトウェア・SaaS
4922,日用化学品・化粧品
2325,環境・リサイクル・ビル管理
6772,電子部品・デバイス
3834,通信キャリア・放送
3445,金属製品・金属加工
2876,食品製造・飲料・酒類
6853,民生電機・情報端末
2292,食品製造・飲料・酒類
9782,広告・PR・マーケティング
2169,エンタメ・スポーツ・その他サービス
4595,医薬品・バイオ
2907,食品製造・飲料・酒類
6250,産業機械・工作機械
5011,資源・エネルギー・農林水産
6822,民生電機・情報端末
3042,ソフトウェア・SaaS
6420,産業機械・工作機械
8227,衣料・家電・専門店
2454,エンタメ・スポーツ・その他サービス
4317,エンタメ・スポーツ・その他サービス
6546,エンタメ・スポーツ・その他サービス
7217,自動車・輸送用機器
6535,広告・PR・マーケティング
6392,産業機械・工作機械
9687,ソフトウェア・SaaS
5126,ソフトウェア・SaaS
5484,鉄鋼・非鉄金属
2652,EC・通販・無店舗販売
9904,衣料・家電・専門店
4891,医薬品・バイオ
7725,計測・分析・光学機器
302A,人材サービス・派遣
4334,ゲーム・デジタルコンテンツ
6238,産業機械・工作機械
4668,教育・研修・資格
6378,産業機械・工作機械
8285,建材・資材・エネルギー卸
7095,広告・PR・マーケティング
2692,食品・農産物卸
4218,機能性化学・先端材料
6849,民生電機・情報端末
1827,ゼネコン・総合建設
7072,エンタメ・スポーツ・その他サービス
4958,機能性化学・先端材料
7942,機能性化学・先端材料
7981,住宅設備・家具・生活用品
6786,エンタメ・スポーツ・その他サービス
1491,鉄鋼・非鉄金属
7846,玩具・スポーツ・文具・雑貨
6750,民生電機・情報端末
4586,医薬品・バイオ
8129,医薬品卸・その他専門卸
1381,資源・エネルギー・農林水産
6908,電子部品・デバイス
2438,エンタメ・スポーツ・その他サービス
7500,機械・電子部品卸
2670,衣料・家電・専門店
4599,医薬品・バイオ
4025,基礎化学・石油化学
6190,エンタメ・スポーツ・その他サービス
3904,ゲーム・デジタルコンテンツ
5974,金属製品・金属加工
6929,電子部品・デバイス
8518,証券・保険・その他金融
4694,エンタメ・スポーツ・その他サービス
4248,機能性化学・先端材料
1968,ゼネコン・総合建設
7377,コンサルティング・BPO
9729,エンタメ・スポーツ・その他サービス
6432,建設機械・農業機械
9763,建材・資材・エネルギー卸
8614,証券・保険・その他金融
4424,ソフトウェア・SaaS
3138,EC・通販・無店舗販売
4391,ソフトウェア・SaaS
6518,民生電機・情報端末
1934,ゼネコン・総合建設
2183,エンタメ・スポーツ・その他サービス
4427,SI・受託開発(中堅)
1861,ゼネコン・総合建設
6332,産業機械・工作機械
7999,民生電機・情報端末
4416,ソフトウェア・SaaS
7883,住宅設備・家具・生活用品
6369,産業機械・工作機械
9107,貨物・物流・倉庫
6138,産業機械・工作機械
7277,自動車・輸送用機器
1433,ゼネコン・総合建設
3623,ソフトウェア・SaaS
2301,人材サービス・派遣
4251,機能性化学・先端材料
9837,建材・資材・エネルギー卸
7506,百貨店・総合スーパー
9692,ソフトウェア・SaaS
8012,建材・資材・エネルギー卸
1950,設備工事・専門工事
6875,半導体・半導体製造装置
3909,ソフトウェア・SaaS
1870,ゼネコン・総合建設
3723,ゲーム・デジタルコンテンツ
2981,不動産開発・デベロッパー
6877,民生電機・情報端末
7042,エンタメ・スポーツ・その他サービス
1904,設備工事・専門工事
3842,通信キャリア・放送
6140,産業機械・工作機械
6081,エンタメ・スポーツ・その他サービス
1929,ゼネコン・総合建設
9605,SI・受託開発(中堅)
6620,不動産開発・デベロッパー
6287,産業機械・工作機械
7038,コンサルティング・BPO
4401,機能性化学・先端材料
6306,建設機械・農業機械
9612,エンタメ・スポーツ・その他サービス
7811,住宅設備・家具・生活用品
3625,SI・受託開発(中堅)
1982,ゼネコン・総合建設
7986,住宅設備・家具・生活用品
2669,食品スーパー・コンビニ
3242,不動産開発・デベロッパー
3035,建材・資材・エネルギー卸
6199,SI・受託開発(中堅)
4042,基礎化学・石油化学
4849,人材サービス・派遣
166A,不動産開発・デベロッパー
3998,SI・受託開発(中堅)
9242,人材サービス・派遣
264A,教育・研修・資格
6458,産業機械・工作機械
7413,建材・資材・エネルギー卸
542A,日用化学品・化粧品
3001,繊維・紙パルプ
3486,不動産管理・仲介・賃貸
3467,不動産管理・仲介・賃貸
8037,建材・資材・エネルギー卸
4064,機能性化学・先端材料
5355,ガラス・セラミックス・ゴム
9165,コンサルティング・BPO
7990,住宅設備・家具・生活用品
7984,住宅設備・家具・生活用品
3733,ソフトウェア・SaaS
9740,エンタメ・スポーツ・その他サービス
8157,SI・受託開発(中堅)
4206,機能性化学・先端材料
7226,自動車・輸送用機器
1663,資源・エネルギー・農林水産
7309,自動車・輸送用機器
2136,人材サービス・派遣
5444,鉄鋼・非鉄金属
6612,民生電機・情報端末
4929,日用化学品・化粧品
9743,コンサルティング・BPO
177A,機能性化学・先端材料
6648,民生電機・情報端末
3926,Webプラットフォーム・EC
7244,民生電機・情報端末
3371,ソフトウェア・SaaS
4052,ソフトウェア・SaaS
3195,EC・通販・無店舗販売
4262,SI・受託開発(中堅)
4634,機能性化学・先端材料
6255,産業機械・工作機械
6470,産業機械・工作機械
7416,衣料・家電・専門店
6277,産業機械・工作機械
343A,ホテル・旅行・レジャー
6185,広告・PR・マーケティング
7284,自動車・輸送用機器
5965,金属製品・金属加工
3817,SI・受託開発(中堅)
4479,SI・受託開発(中堅)
387A,ソフトウェア・SaaS
9240,コンサルティング・BPO
1783,不動産開発・デベロッパー
2296,食品製造・飲料・酒類
4114,基礎化学・石油化学
4530,医薬品・バイオ
6171,エンタメ・スポーツ・その他サービス
4633,機能性化学・先端材料
5367,ガラス・セラミックス・ゴム
265A,ソフトウェア・SaaS
6633,民生電機・情報端末
3107,機械・電子部品卸
4044,機能性化学・先端材料
3996,SI・受託開発(中堅)
8079,食品・農産物卸
3969,ソフトウェア・SaaS
7819,住宅設備・家具・生活用品
415A,エンタメ・スポーツ・その他サービス
6586,産業機械・工作機械
7057,エンタメ・スポーツ・その他サービス
9347,エンタメ・スポーツ・その他サービス
3028,衣料・家電・専門店
4886,医薬品・バイオ
7596,食品スーパー・コンビニ
3181,衣料・家電・専門店
3132,機械・電子部品卸
410A,エンタメ・スポーツ・その他サービス
3659,ゲーム・デジタルコンテンツ
5970,金属製品・金属加工
9036,貨物・物流・倉庫
9401,通信キャリア・放送
3675,SI・受託開発(中堅)
5888,衣料・家電・専門店
4198,SI・受託開発(中堅)
3070,建材・資材・エネルギー卸
3912,ゲーム・デジタルコンテンツ
4031,基礎化学・石油化学
3374,建材・資材・エネルギー卸
2498,コンサルティング・BPO
7102,自動車・輸送用機器
4440,ソフトウェア・SaaS
6363,産業機械・工作機械
7856,住宅設備・家具・生活用品
5284,ガラス・セラミックス・ゴム
1438,ゼネコン・総合建設
9788,エンタメ・スポーツ・その他サービス
1979,設備工事・専門工事
6424,産業機械・工作機械
2370,エンタメ・スポーツ・その他サービス
4124,基礎化学・石油化学
3945,繊維・紙パルプ
1882,ゼネコン・総合建設
3858,ソフトウェア・SaaS
7374,人材サービス・派遣
2433,広告・PR・マーケティング
4892,医薬品・バイオ
6902,自動車・輸送用機器
4205,機能性化学・先端材料
4078,機能性化学・先端材料
7049,コンサルティング・BPO
7979,計測・分析・光学機器
7608,建材・資材・エネルギー卸
5103,ガラス・セラミックス・ゴム
4028,機能性化学・先端材料
7505,建材・資材・エネルギー卸
4687,ソフトウェア・SaaS
7911,住宅設備・家具・生活用品
3569,繊維・紙パルプ
7360,エンタメ・スポーツ・その他サービス
5936,金属製品・金属加工
8283,建材・資材・エネルギー卸
5013,資源・エネルギー・農林水産
7048,ホテル・旅行・レジャー
4113,機能性化学・先端材料
3915,ソフトウェア・SaaS
1808,ゼネコン・総合建設
4488,ソフトウェア・SaaS
1717,人材サービス・派遣
4826,ソフトウェア・SaaS
4197,SI・受託開発(中堅)
4447,ソフトウェア・SaaS
4884,医薬品・バイオ
5244,ソフトウェア・SaaS
5161,ガラス・セラミックス・ゴム
6859,民生電機・情報端末
2060,食品製造・飲料・酒類
7943,ガラス・セラミックス・ゴム
7836,住宅設備・家具・生活用品
4642,エンタメ・スポーツ・その他サービス
4664,コンサルティング・BPO
2440,エンタメ・スポーツ・その他サービス
3648,ソフトウェア・SaaS
6223,産業機械・工作機械
3662,Webプラットフォーム・EC
9716,エンタメ・スポーツ・その他サービス
2480,SI・受託開発(中堅)
4556,医薬品・バイオ
3937,SI・受託開発(中堅)
7963,住宅設備・家具・生活用品
4445,SI・受託開発(中堅)
7043,人材サービス・派遣
4272,基礎化学・石油化学
6371,産業機械・工作機械
6145,産業機械・工作機械
9934,機械・電子部品卸
2436,広告・PR・マーケティング
2003,食品製造・飲料・酒類
5834,証券・保険・その他金融
9467,Webプラットフォーム・EC
4685,SI・受託開発(中堅)
4662,SI・受託開発(中堅)
1813,ゼネコン・総合建設
6090,人材サービス・派遣
2311,エンタメ・スポーツ・その他サービス
5821,鉄鋼・非鉄金属
9702,ソフトウェア・SaaS
4926,日用化学品・化粧品
4335,SI・受託開発(中堅)
2910,食品製造・飲料・酒類
241A,ソフトウェア・SaaS
4263,SI・受託開発(中堅)
1736,ゼネコン・総合建設
4169,ソフトウェア・SaaS
4414,ソフトウェア・SaaS
7058,エンタメ・スポーツ・その他サービス
9213,エンタメ・スポーツ・その他サービス
4008,機能性化学・先端材料
2207,調味料・菓子・冷凍食品
2676,建材・資材・エネルギー卸
4671,エンタメ・スポーツ・その他サービス
1766,ゼネコン・総合建設
5589,SI・受託開発(中堅)
6029,医療・介護・福祉サービス
6289,建設機械・農業機械
3988,SI・受託開発(中堅)
7609,建材・資材・エネルギー卸
7917,機能性化学・先端材料
2120,エンタメ・スポーツ・その他サービス
3907,ゲーム・デジタルコンテンツ
3076,建材・資材・エネルギー卸
7980,住宅設備・家具・生活用品
2602,食品製造・飲料・酒類
6294,建設機械・農業機械
4361,機能性化学・先端材料
9543,資源・エネルギー・農林水産
4068,SI・受託開発(中堅)
5729,鉄鋼・非鉄金属
4476,ソフトウェア・SaaS
3835,ソフトウェア・SaaS
2983,不動産開発・デベロッパー
6644,民生電機・情報端末
7970,機能性化学・先端材料
7211,自動車・輸送用機器
7687,食品・農産物卸
9244,広告・PR・マーケティング
2359,SI・受託開発(中堅)
5121,ガラス・セラミックス・ゴム
6448,民生電機・情報端末
2930,日用化学品・化粧品
2437,エンタメ・スポーツ・その他サービス
2488,エンタメ・スポーツ・その他サービス
4212,機能性化学・先端材料
1719,ゼネコン・総合建設
7148,証券・保険・その他金融
3974,SI・受託開発(中堅)
7438,建材・資材・エネルギー卸
4464,機能性化学・先端材料
4832,SI・受託開発(中堅)
157A,エンタメ・スポーツ・その他サービス
7727,計測・分析・光学機器
4041,基礎化学・石油化学
2767,建材・資材・エネルギー卸
3361,衣料・家電・専門店
7988,機能性化学・先端材料
4814,SI・受託開発(中堅)
261A,エンタメ・スポーツ・その他サービス
9558,エンタメ・スポーツ・その他サービス
9982,建材・資材・エネルギー卸
4346,証券・保険・その他金融
6408,産業機械・工作機械
2391,エンタメ・スポーツ・その他サービス
5025,ソフトウェア・SaaS
6659,民生電機・情報端末
7343,証券・保険・その他金融
2790,ドラッグストア・HC
2982,不動産管理・仲介・賃貸
6328,産業機械・工作機械
7513,衣料・家電・専門店
8005,EC・通販・無店舗販売
8022,住宅設備・家具・生活用品
4462,機能性化学・先端材料
6554,エンタメ・スポーツ・その他サービス
291A,教育・研修・資格
4746,ソフトウェア・SaaS
9219,エンタメ・スポーツ・その他サービス
3608,繊維・紙パルプ
3440,金属製品・金属加工
9214,医療・介護・福祉サービス
3970,SI・受託開発(中堅)
7744,計測・分析・光学機器
7555,建材・資材・エネルギー卸
6073,エンタメ・スポーツ・その他サービス
7575,建材・資材・エネルギー卸
5208,機能性化学・先端材料
5015,資源・エネルギー・農林水産
7971,機能性化学・先端材料
7358,エンタメ・スポーツ・その他サービス
6670,民生電機・情報端末
4380,SI・受託開発(中堅)
1952,設備工事・専門工事
9663,エンタメ・スポーツ・その他サービス
3548,衣料・家電・専門店
472A,Webプラットフォーム・EC
4574,医薬品・バイオ
4221,機能性化学・先端材料
9332,人材サービス・派遣
6823,民生電機・情報端末
6356,産業機械・工作機械
2540,食品製造・飲料・酒類
3002,繊維・紙パルプ
8841,不動産管理・仲介・賃貸
2594,食品製造・飲料・酒類
6094,広告・PR・マーケティング
2810,食品製造・飲料・酒類
1945,ゼネコン・総合建設
9468,ゲーム・デジタルコンテンツ
6193,エンタメ・スポーツ・その他サービス
4496,ソフトウェア・SaaS
3947,繊維・紙パルプ
6798,電子部品・デバイス
4686,ソフトウェア・SaaS
7707,計測・分析・光学機器
3280,不動産開発・デベロッパー
3917,ソフトウェア・SaaS
9791,コンサルティング・BPO
4763,コンサルティング・BPO
7066,エンタメ・スポーツ・その他サービス
5195,ガラス・セラミックス・ゴム
4743,SI・受託開発(中堅)
9742,SI・受託開発(中堅)
6731,民生電機・情報端末
2978,不動産管理・仲介・賃貸
4617,機能性化学・先端材料
149A,ソフトウェア・SaaS
4439,SI・受託開発(中堅)
6925,民生電機・情報端末
9632,コンサルティング・BPO
416A,建材・資材・エネルギー卸
7060,エンタメ・スポーツ・その他サービス
4507,医薬品・バイオ
3779,SI・受託開発(中堅)
4674,SI・受託開発(中堅)
7875,住宅設備・家具・生活用品
5139,ソフトウェア・SaaS
4974,機能性化学・先端材料
6413,産業機械・工作機械
3179,EC・通販・無店舗販売
5901,金属製品・金属加工
6960,民生電機・情報端末
1776,ゼネコン・総合建設
4216,機能性化学・先端材料
4486,SI・受託開発(中堅)
6357,産業機械・工作機械
7093,エンタメ・スポーツ・その他サービス
3667,ゲーム・デジタルコンテンツ
2286,食品製造・飲料・酒類
2148,広告・PR・マーケティング
9340,エンタメ・スポーツ・その他サービス
6403,産業機械・工作機械
8908,不動産管理・仲介・賃貸
6563,人材サービス・派遣
4020,ソフトウェア・SaaS
480A,コンサルティング・BPO
8074,建材・資材・エネルギー卸
2708,食品・農産物卸
6460,産業機械・工作機械
5987,金属製品・金属加工
4290,コンサルティング・BPO
3151,医薬品卸・その他専門卸
334A,ソフトウェア・SaaS
9101,貨物・物流・倉庫
5949,自動車・輸送用機器
7893,住宅設備・家具・生活用品
4845,ソフトウェア・SaaS
3672,ゲーム・デジタルコンテンツ
5570,Webプラットフォーム・EC
5582,ソフトウェア・SaaS
6093,コンサルティング・BPO
6904,民生電機・情報端末
1963,ゼネコン・総合建設
7822,住宅設備・家具・生活用品
6135,産業機械・工作機械
4428,ソフトウェア・SaaS
332A,ソフトウェア・SaaS
4973,機能性化学・先端材料
7637,建材・資材・エネルギー卸
9381,貨物・物流・倉庫
5922,金属製品・金属加工
3153,機械・電子部品卸
9346,人材サービス・派遣
4074,ソフトウェア・SaaS
5471,鉄鋼・非鉄金属
2307,ソフトウェア・SaaS
4450,SI・受託開発(中堅)
1726,ゼネコン・総合建設
1885,ゼネコン・総合建設
3004,建材・資材・エネルギー卸
7715,計測・分析・光学機器
5331,ガラス・セラミックス・ゴム
7522,飲食チェーン・中食
6266,産業機械・工作機械
9353,貨物・物流・倉庫
4175,ゲーム・デジタルコンテンツ
2266,食品製造・飲料・酒類
7740,計測・分析・光学機器
1871,ゼネコン・総合建設
6486,産業機械・工作機械
4045,機能性化学・先端材料
2429,人材サービス・派遣
7745,計測・分析・光学機器
3106,繊維・紙パルプ
340A,SI・受託開発(中堅)
6298,産業機械・工作機械
6087,エンタメ・スポーツ・その他サービス
6436,産業機械・工作機械
7731,計測・分析・光学機器
5247,SI・受託開発(中堅)
6080,コンサルティング・BPO
2926,食品製造・飲料・酒類
6044,コンサルティング・BPO
7138,衣料・家電・専門店
4370,ソフトウェア・SaaS
6835,民生電機・情報端末
3686,SI・受託開発(中堅)
6837,電子部品・デバイス
5134,ソフトウェア・SaaS
4477,ソフトウェア・SaaS
1414,ゼネコン・総合建設
3865,繊維・紙パルプ
6046,エンタメ・スポーツ・その他サービス
1718,ゼネコン・総合建設
3920,SI・受託開発(中堅)
2689,医薬品卸・その他専門卸
2892,食品製造・飲料・酒類
3836,ソフトウェア・SaaS
3173,建材・資材・エネルギー卸
9405,通信キャリア・放送
3560,衣料・家電・専門店
1418,ゼネコン・総合建設
7912,住宅設備・家具・生活用品
5071,コンサルティング・BPO
6176,エンタメ・スポーツ・その他サービス
7078,広告・PR・マーケティング
4420,SI・受託開発(中堅)
6258,産業機械・工作機械
3452,不動産管理・仲介・賃貸
3925,SI・受託開発(中堅)
9551,資源・エネルギー・農林水産
4576,医薬品・バイオ
4046,機能性化学・先端材料
9765,エンタメ・スポーツ・その他サービス
3844,SI・受託開発(中堅)
5288,ガラス・セラミックス・ゴム
6113,産業機械・工作機械
3036,建材・資材・エネルギー卸
3294,不動産管理・仲介・賃貸
2811,食品製造・飲料・酒類
2764,飲食チェーン・中食
2173,広告・PR・マーケティング
3475,不動産開発・デベロッパー
4917,日用化学品・化粧品
5867,コンサルティング・BPO
9790,ソフトウェア・SaaS
4641,人材サービス・派遣
9832,建材・資材・エネルギー卸
9610,人材サービス・派遣
4366,基礎化学・石油化学
6331,産業機械・工作機械
3798,SI・受託開発(中堅)
7456,建材・資材・エネルギー卸
4733,DX支援・ITコンサルティング
3634,SI・受託開発(中堅)
4318,人材サービス・派遣
7779,計測・分析・光学機器
3169,百貨店・総合スーパー
6952,民生電機・情報端末
1939,ゼネコン・総合建設
5644,鉄鋼・非鉄金属
5851,鉄鋼・非鉄金属
9869,食品・農産物卸
6347,産業機械・工作機械
190A,医薬品・バイオ
8117,建材・資材・エネルギー卸
6035,コンサルティング・BPO
7552,建材・資材・エネルギー卸
2294,食品製造・飲料・酒類
7994,住宅設備・家具・生活用品
7476,医薬品卸・その他専門卸
5599,ソフトウェア・SaaS
7490,総合商社・貿易
6273,産業機械・工作機械
3542,EC・通販・無店舗販売
1833,ゼネコン・総合建設
7809,住宅設備・家具・生活用品
7987,住宅設備・家具・生活用品
8130,建材・資材・エネルギー卸
6180,広告・PR・マーケティング
8061,機械・電子部品卸
9640,SI・受託開発(中堅)
2760,機械・電子部品卸
6237,産業機械・工作機械
7269,自動車・輸送用機器
5133,SI・受託開発(中堅)
2206,食品製造・飲料・酒類
1434,ゼネコン・総合建設
5033,ソフトウェア・SaaS
4972,機能性化学・先端材料
4204,機能性化学・先端材料
1721,ゼネコン・総合建設
4665,エンタメ・スポーツ・その他サービス
2327,SI・受託開発(大手)
6284,産業機械・工作機械
9236,コンサルティング・BPO
7734,計測・分析・光学機器
2001,食品製造・飲料・酒類
4344,ソフトウェア・SaaS
1926,ゼネコン・総合建設
6961,電子部品・デバイス
7821,住宅設備・家具・生活用品
7610,衣料・家電・専門店
6744,民生電機・情報端末
2922,食品製造・飲料・酒類
5930,金属製品・金属加工
5942,金属製品・金属加工
5955,金属製品・金属加工
5250,ソフトウェア・SaaS
1444,ゼネコン・総合建設
3984,SI・受託開発(中堅)
9087,貨物・物流・倉庫
2002,食品製造・飲料・酒類
6516,重電・産業用電機
6814,民生電機・情報端末
7131,建材・資材・エネルギー卸
9319,貨物・物流・倉庫
1401,ゼネコン・総合建設
5975,金属製品・金属加工
4433,人材サービス・派遣
3657,SI・受託開発(中堅)
8275,建材・資材・エネルギー卸
9684,ゲーム・デジタルコンテンツ
5242,ソフトウェア・SaaS
9368,貨物・物流・倉庫
7414,建材・資材・エネルギー卸
3156,建材・資材・エネルギー卸
6840,民生電機・情報端末
6810,民生電機・情報端末
4326,SI・受託開発(中堅)
3252,不動産管理・仲介・賃貸
7683,衣料・家電・専門店
2315,AI・データ・IoT
3983,ソフトウェア・SaaS
3935,ゲーム・デジタルコンテンツ
6579,エンタメ・スポーツ・その他サービス
3656,ゲーム・デジタルコンテンツ
9830,機械・電子部品卸
6013,産業機械・工作機械
9474,Webプラットフォーム・EC
4261,SI・受託開発(中堅)
9685,ソフトウェア・SaaS
4395,通信キャリア・放送
3489,不動産管理・仲介・賃貸
7974,住宅設備・家具・生活用品
8739,証券・保険・その他金融
7874,日用化学品・化粧品
6653,電子部品・デバイス
4421,SI・受託開発(中堅)
8008,衣料・家電・専門店
6136,産業機械・工作機械
7246,自動車・輸送用機器
4927,日用化学品・化粧品
6728,民生電機・情報端末
7080,人材サービス・派遣
3040,ソフトウェア・SaaS
2432,ゲーム・デジタルコンテンツ
500A,ゲーム・デジタルコンテンツ
6928,電子部品・デバイス
6195,広告・PR・マーケティング
6947,民生電機・情報端末
5279,ガラス・セラミックス・ゴム
6668,重電・産業用電機
7504,建材・資材・エネルギー卸
478A,ソフトウェア・SaaS
3645,Webプラットフォーム・EC
7242,自動車・輸送用機器
2004,食品製造・飲料・酒類
3180,建材・資材・エネルギー卸
9564,エンタメ・スポーツ・その他サービス
7325,証券・保険・その他金融
368A,計測・分析・光学機器
3929,SI・受託開発(中堅)
1965,ゼネコン・総合建設
6177,広告・PR・マーケティング
2326,ソフトウェア・SaaS
6543,広告・PR・マーケティング
2986,不動産管理・仲介・賃貸
520A,医薬品・バイオ
3690,SI・受託開発(中堅)
3457,不動産管理・仲介・賃貸
4057,Webプラットフォーム・EC
8060,建材・資材・エネルギー卸
6045,広告・PR・マーケティング
3652,SI・受託開発(中堅)
7278,自動車・輸送用機器
1975,ゼネコン・総合建設
2674,衣料・家電・専門店
2303,ソフトウェア・SaaS
6317,産業機械・工作機械
6144,産業機械・工作機械
2586,食品製造・飲料・酒類
5310,ガラス・セラミックス・ゴム
7282,自動車・輸送用機器
3771,ソフトウェア・SaaS
7775,計測・分析・光学機器
2109,調味料・菓子・冷凍食品
7353,教育・研修・資格
1959,ゼネコン・総合建設
2782,百貨店・総合スーパー
6302,産業機械・工作機械
6951,民生電機・情報端末
6807,電子部品・デバイス
7164,証券・保険・その他金融
9746,SI・受託開発(中堅)
3985,Webプラットフォーム・EC
4389,ソフトウェア・SaaS
9416,通信キャリア・放送
6768,電子部品・デバイス
7373,コンサルティング・BPO
3168,建材・資材・エネルギー卸
8007,建材・資材・エネルギー卸
3024,建材・資材・エネルギー卸
7110,EC・通販・無店舗販売
5621,ソフトウェア・SaaS
6402,産業機械・工作機械
4768,SI・受託開発(大手)
6745,民生電機・情報端末
7839,住宅設備・家具・生活用品
5714,鉄鋼・非鉄金属
2875,食品製造・飲料・酒類
6806,電子部品・デバイス
5933,金属製品・金属加工
7701,計測・分析・光学機器
8771,証券・保険・その他金融
7781,計測・分析・光学機器
3916,SI・受託開発(中堅)
8111,繊維・紙パルプ
7966,住宅設備・家具・生活用品
8131,建材・資材・エネルギー卸
3087,飲食チェーン・中食
9682,SI・受託開発(中堅)
3566,衣料・家電・専門店
3640,SI・受託開発(中堅)
6560,コンサルティング・BPO
6480,産業機械・工作機械
6638,民生電機・情報端末
5162,ガラス・セラミックス・ゴム
6578,エンタメ・スポーツ・その他サービス
5290,ガラス・セラミックス・ゴム
3921,ソフトウェア・SaaS
7064,人材サービス・派遣
6492,産業機械・工作機械
3776,通信キャリア・放送
2805,食品製造・飲料・酒類
9537,資源・エネルギー・農林水産
6465,産業機械・工作機械
6724,民生電機・情報端末
6914,電子部品・デバイス
3080,百貨店・総合スーパー
7035,エンタメ・スポーツ・その他サービス
3900,ソフトウェア・SaaS
9889,SI・受託開発(中堅)
1944,ゼネコン・総合建設
3441,金属製品・金属加工
8218,ドラッグストア・HC
4571,医薬品・バイオ
2924,食品製造・飲料・酒類
9562,教育・研修・資格
3676,SI・受託開発(中堅)
7762,計測・分析・光学機器
8113,日用化学品・化粧品
6240,産業機械・工作機械
2659,百貨店・総合スーパー
4800,Webプラットフォーム・EC
4403,機能性化学・先端材料
336A,Webプラットフォーム・EC
7115,建材・資材・エネルギー卸
6201,自動車・輸送用機器
6474,産業機械・工作機械
9644,コンサルティング・BPO
3443,金属製品・金属加工
4187,機能性化学・先端材料
6498,産業機械・工作機械
1429,ゼネコン・総合建設
3719,AI・データ・IoT
7823,住宅設備・家具・生活用品
4166,ソフトウェア・SaaS
2428,エンタメ・スポーツ・その他サービス
2813,食品製造・飲料・酒類
6196,エンタメ・スポーツ・その他サービス
9795,教育・研修・資格
228A,ソフトウェア・SaaS
255A,計測・分析・光学機器
3360,建材・資材・エネルギー卸
4274,基礎化学・石油化学
7792,住宅設備・家具・生活用品
4174,ソフトウェア・SaaS
4932,日用化学品・化粧品
9962,建材・資材・エネルギー卸
9364,貨物・物流・倉庫
6566,環境・リサイクル・ビル管理
4888,医薬品・バイオ
4709,SI・受託開発(中堅)
6539,人材サービス・派遣
4393,ゲーム・デジタルコンテンツ
7619,機械・電子部品卸
8153,食品・農産物卸
6577,ホテル・旅行・レジャー
3423,金属製品・金属加工
3726,EC・通販・無店舗販売
4919,日用化学品・化粧品
7721,計測・分析・光学機器
150A,エンタメ・スポーツ・その他サービス
6194,人材サービス・派遣
7224,自動車・輸送用機器
4275,機能性化学・先端材料
4885,医薬品・バイオ
4967,日用化学品・化粧品
2991,不動産管理・仲介・賃貸
3647,SI・受託開発(中堅)
9824,機械・電子部品卸
2267,食品製造・飲料・酒類
2304,コンサルティング・BPO
7191,証券・保険・その他金融
6651,重電・産業用電機
151A,エンタメ・スポーツ・その他サービス
6334,産業機械・工作機械
3901,Webプラットフォーム・EC
3150,資源・エネルギー・農林水産
3444,金属製品・金属加工
3928,ゲーム・デジタルコンテンツ
6988,機能性化学・先端材料
4811,ソフトウェア・SaaS
9331,人材サービス・派遣
4558,医薬品・バイオ
7094,コンサルティング・BPO
1848,ゼネコン・総合建設
2288,食品製造・飲料・酒類
9237,コンサルティング・BPO
250A,食品製造・飲料・酒類
2146,人材サービス・派遣
2354,SI・受託開発(中堅)
6088,コンサルティング・BPO
2753,飲食チェーン・中食
4323,ソフトウェア・SaaS
8115,建材・資材・エネルギー卸
5903,金属製品・金属加工
7716,計測・分析・光学機器
7956,住宅設備・家具・生活用品
3922,Webプラットフォーム・EC
6841,民生電機・情報端末
6454,産業機械・工作機械
2573,食品製造・飲料・酒類
2929,食品製造・飲料・酒類
2112,調味料・菓子・冷凍食品
5482,鉄鋼・非鉄金属
2139,広告・PR・マーケティング
4783,SI・受託開発(中堅)
4013,ソフトウェア・SaaS
4890,医薬品・バイオ
3992,ソフトウェア・SaaS
7014,自動車・輸送用機器
9307,貨物・物流・倉庫
2751,建材・資材・エネルギー卸
2376,エンタメ・スポーツ・その他サービス
5533,不動産管理・仲介・賃貸
5929,金属製品・金属加工
4498,サイバーセキュリティ・クラウド
4933,日用化学品・化粧品
9367,貨物・物流・倉庫
9927,衣料・家電・専門店
3591,繊維・紙パルプ
5257,ソフトウェア・SaaS
4203,機能性化学・先端材料
3075,飲食チェーン・中食
5721,鉄鋼・非鉄金属
7134,衣料・家電・専門店
6184,エンタメ・スポーツ・その他サービス
3744,ソフトウェア・SaaS
4523,医薬品・バイオ
9423,SI・受託開発(中堅)
3635,ゲーム・デジタルコンテンツ
5991,金属製品・金属加工
9735,エンタメ・スポーツ・その他サービス
5214,ガラス・セラミックス・ゴム
2130,広告・PR・マーケティング
9216,コンサルティング・BPO
4481,ソフトウェア・SaaS
4722,SI・受託開発(中堅)
3221,飲食チェーン・中食
4838,通信キャリア・放送
4151,医薬品・バイオ
6037,エンタメ・スポーツ・その他サービス
7832,玩具・スポーツ・文具・雑貨
3495,不動産管理・仲介・賃貸
5105,ガラス・セラミックス・ゴム
4528,医薬品・バイオ
3837,SI・受託開発(中堅)
3626,SI・受託開発(大手)
303A,ソフトウェア・SaaS
4596,医薬品・バイオ
4208,機能性化学・先端材料
4582,医薬品・バイオ
8132,建材・資材・エネルギー卸
3747,SI・受託開発(中堅)
8089,機械・電子部品卸
1515,資源・エネルギー・農林水産
5256,ソフトウェア・SaaS
145A,ソフトウェア・SaaS
5269,ガラス・セラミックス・ゴム
2980,不動産管理・仲介・賃貸
2531,食品製造・飲料・酒類
5580,ソフトウェア・SaaS
4848,人材サービス・派遣
5572,ソフトウェア・SaaS
254A,証券・保険・その他金融
4816,ゲーム・デジタルコンテンツ
7793,住宅設備・家具・生活用品
4751,広告・PR・マーケティング
3562,建材・資材・エネルギー卸
3116,自動車・輸送用機器
6101,産業機械・工作機械
3088,ドラッグストア・HC
2208,調味料・菓子・冷凍食品
9421,通信キャリア・放送
3649,SI・受託開発(中堅)
9818,建材・資材・エネルギー卸
6235,産業機械・工作機械
2726,衣料・家電・専門店
5034,Webプラットフォーム・EC
9941,食品・農産物卸
9068,貨物・物流・倉庫
476A,DX支援・ITコンサルティング
7183,証券・保険・その他金融
5108,ガラス・セラミックス・ゴム
9256,教育・研修・資格
7059,人材サービス・派遣
4912,日用化学品・化粧品
9880,民生電機・情報端末
7867,玩具・スポーツ・文具・雑貨
4597,医薬品・バイオ
6658,電子部品・デバイス
4345,エンタメ・スポーツ・その他サービス
1333,資源・エネルギー・農林水産
1980,ゼネコン・総合建設
5031,ソフトウェア・SaaS
2117,調味料・菓子・冷凍食品
7570,建材・資材・エネルギー卸
6800,電子部品・デバイス
2780,衣料・家電・専門店
219A,医薬品・バイオ
2217,調味料・菓子・冷凍食品
5699,鉄鋼・非鉄金属
7694,衣料・家電・専門店
8151,建材・資材・エネルギー卸
6134,産業機械・工作機械
299A,エンタメ・スポーツ・その他サービス
3788,SI・受託開発(中堅)
5337,ガラス・セラミックス・ゴム
350A,資源・エネルギー・農林水産
7840,住宅設備・家具・生活用品
146A,不動産開発・デベロッパー
9928,ソフトウェア・SaaS
3558,EC・通販・無店舗販売
3329,飲食チェーン・中食
4193,ソフトウェア・SaaS
3140,建材・資材・エネルギー卸
6845,民生電機・情報端末
1921,ゼネコン・総合建設
6018,自動車・輸送用機器
4264,サイバーセキュリティ・クラウド
1898,ゼネコン・総合建設
7177,証券・保険・その他金融
4985,日用化学品・化粧品
6994,重電・産業用電機
7818,住宅設備・家具・生活用品
4375,ソフトウェア・SaaS
6551,人材サービス・派遣
1969,設備工事・専門工事
6707,半導体・半導体製造装置
4404,食品製造・飲料・酒類
3791,SI・受託開発(中堅)
6869,民生電機・情報端末
6526,重電・産業用電機
7357,広告・PR・マーケティング
9159,広告・PR・マーケティング
3664,SI・受託開発(中堅)
4979,基礎化学・石油化学
4825,Webプラットフォーム・EC
9948,百貨店・総合スーパー
2269,食品製造・飲料・酒類
5713,鉄鋼・非鉄金属
8929,不動産管理・仲介・賃貸
4168,ソフトウェア・SaaS
2809,食品製造・飲料・酒類
4966,機能性化学・先端材料
2667,建材・資材・エネルギー卸
8070,建材・資材・エネルギー卸
5698,鉄鋼・非鉄金属
4320,SI・受託開発(中堅)
7481,食品・農産物卸
7033,コンサルティング・BPO
3931,ゲーム・デジタルコンテンツ
5631,産業機械・工作機械
5703,鉄鋼・非鉄金属
5857,鉄鋼・非鉄金属
6471,産業機械・工作機械
5869,教育・研修・資格
2593,食品製造・飲料・酒類
3271,不動産開発・デベロッパー
3538,衣料・家電・専門店
8105,建材・資材・エネルギー卸
4928,日用化学品・化粧品
4658,コンサルティング・BPO
4237,機能性化学・先端材料
1417,ゼネコン・総合建設
9417,ソフトウェア・SaaS
2331,エンタメ・スポーツ・その他サービス
1723,ゼネコン・総合建設
6962,電子部品・デバイス
6785,電子部品・デバイス
7443,建材・資材・エネルギー卸
4099,機能性化学・先端材料
4109,機能性化学・先端材料
4820,SI・受託開発(中堅)
6996,電子部品・デバイス
2410,人材サービス・派遣
5393,ガラス・セラミックス・ゴム
7261,自動車・輸送用機器
5574,ソフトウェア・SaaS
4975,機能性化学・先端材料
2998,不動産開発・デベロッパー
7826,住宅設備・家具・生活用品
1961,ゼネコン・総合建設
4579,医薬品・バイオ
6440,産業機械・工作機械
9556,コンサルティング・BPO
7081,エンタメ・スポーツ・その他サービス
5027,ソフトウェア・SaaS
4182,機能性化学・先端材料
6617,重電・産業用電機
6584,自動車・輸送用機器
6775,電子部品・デバイス
479A,ソフトウェア・SaaS
4527,医薬品・バイオ
3741,ソフトウェア・SaaS
7939,住宅設備・家具・生活用品
3763,ソフトウェア・SaaS
2317,SI・受託開発(中堅)
6099,医療・介護・福祉サービス
8139,建材・資材・エネルギー卸
8198,食品スーパー・コンビニ
4398,サイバーセキュリティ・クラウド
4575,医薬品・バイオ
2127,エンタメ・スポーツ・その他サービス
6396,産業機械・工作機械
6616,半導体・半導体製造装置
1840,ゼネコン・総合建設
4075,ソフトウェア・SaaS
3393,建材・資材・エネルギー卸
9816,不動産管理・仲介・賃貸
4812,DX支援・ITコンサルティング
4293,広告・PR・マーケティング
7606,衣料・家電・専門店
4536,医薬品・バイオ
4199,ソフトウェア・SaaS
6622,民生電機・情報端末
3105,民生電機・情報端末
300A,広告・PR・マーケティング
3989,Webプラットフォーム・EC
324A,ホテル・旅行・レジャー
3936,ソフトウェア・SaaS
5586,ソフトウェア・SaaS
7068,広告・PR・マーケティング
2379,人材サービス・派遣
4015,ソフトウェア・SaaS
9238,広告・PR・マーケティング
2459,コンサルティング・BPO
4684,ソフトウェア・SaaS
4118,機能性化学・先端材料
6058,広告・PR・マーケティング
335A,ソフトウェア・SaaS
5287,ガラス・セラミックス・ゴム
5028,ソフトウェア・SaaS
3823,ソフトウェア・SaaS
147A,ソフトウェア・SaaS
6856,民生電機・情報端末
148A,SI・受託開発(中堅)
4446,ソフトウェア・SaaS
9602,SI・受託開発(大手)
4493,ソフトウェア・SaaS
9960,建材・資材・エネルギー卸
2749,コンサルティング・BPO
519A,ソフトウェア・SaaS
4055,SI・受託開発(中堅)
9517,資源・エネルギー・農林水産
3712,ソフトウェア・SaaS
2801,食品製造・飲料・酒類
4063,基礎化学・石油化学
7636,衣料・家電・専門店
7236,自動車・輸送用機器
9759,ソフトウェア・SaaS
7461,建材・資材・エネルギー卸
3323,建材・資材・エネルギー卸
7283,自動車・輸送用機器
7719,計測・分析・光学機器
2804,食品製造・飲料・酒類
4192,ソフトウェア・SaaS
7089,人材サービス・派遣
3762,SI・受託開発(中堅)
6055,エンタメ・スポーツ・その他サービス
4813,SI・受託開発(中堅)
3804,ソフトウェア・SaaS
3708,繊維・紙パルプ
6254,産業機械・工作機械
9936,飲食チェーン・中食
9560,教育・研修・資格
5612,鉄鋼・非鉄金属
7774,計測・分析・光学機器
5334,ガラス・セラミックス・ゴム
6023,自動車・輸送用機器
4382,ソフトウェア・SaaS
6086,コンサルティング・BPO
4495,ソフトウェア・SaaS
4286,広告・PR・マーケティング
173A,ソフトウェア・SaaS
366A,医療・介護・福祉サービス
4584,医薬品・バイオ
4923,日用化学品・化粧品
1431,ゼネコン・総合建設
5285,ガラス・セラミックス・ゴム
8282,衣料・家電・専門店
5905,金属製品・金属加工
5333,ガラス・セラミックス・ゴム
4347,広告・PR・マーケティング
9385,機能性化学・先端材料
7906,玩具・スポーツ・文具・雑貨
3840,SI・受託開発(中堅)
3593,繊維・紙パルプ
6727,民生電機・情報端末
9691,ソフトウェア・SaaS
2201,調味料・菓子・冷凍食品
3031,SI・受託開発(中堅)
6545,医療・介護・福祉サービス
1951,ゼネコン・総合建設
1801,ゼネコン・総合建設
4189,基礎化学・石油化学
9436,通信キャリア・放送
5885,建材・資材・エネルギー卸
1942,ゼネコン・総合建設
3845,Webプラットフォーム・EC
4165,ソフトウェア・SaaS
4828,ソフトウェア・SaaS
7378,エンタメ・スポーツ・その他サービス
3633,ソフトウェア・SaaS
8919,不動産開発・デベロッパー
8783,証券・保険・その他金融
3660,SI・受託開発(中堅)
5992,金属製品・金属加工
4583,医薬品・バイオ
6548,ホテル・旅行・レジャー
7259,自動車・輸送用機器
8167,食品スーパー・コンビニ
4043,機能性化学・先端材料
2321,ソフトウェア・SaaS
6473,産業機械・工作機械
1909,産業機械・工作機械
4538,医薬品・バイオ
4441,SI・受託開発(中堅)
6614,半導体・半導体製造装置
7729,計測・分析・光学機器
9435,通信キャリア・放送
9989,ドラッグストア・HC
4056,AI・データ・IoT
4549,医薬品・バイオ
253A,ゼネコン・総合建設
4437,SI・受託開発(中堅)
6330,ゼネコン・総合建設
9039,貨物・物流・倉庫
1948,ゼネコン・総合建設
5029,ソフトウェア・SaaS
8097,建材・資材・エネルギー卸
7995,機能性化学・先端材料
4396,SI・受託開発(中堅)
6573,広告・PR・マーケティング
5384,ガラス・セラミックス・ゴム
369A,エンタメ・スポーツ・その他サービス
9561,エンタメ・スポーツ・その他サービス
3683,ソフトウェア・SaaS
3317,飲食チェーン・中食
8923,不動産開発・デベロッパー
274A,飲食チェーン・中食
4896,医薬品・バイオ
7730,計測・分析・光学機器
7317,自動車・輸送用機器
9342,エンタメ・スポーツ・その他サービス
6301,建設機械・農業機械
5575,ソフトウェア・SaaS
6696,民生電機・情報端末
4242,機能性化学・先端材料
446A,コンサルティング・BPO
9554,広告・PR・マーケティング
6855,半導体・半導体製造装置
4676,通信キャリア・放送
9757,コンサルティング・BPO
4968,機能性化学・先端材料
6323,産業機械・工作機械
6555,エンタメ・スポーツ・その他サービス
6490,産業機械・工作機械
7291,自動車・輸送用機器
7564,衣料・家電・専門店
6407,産業機械・工作機械
3964,SI・受託開発(中堅)
6268,産業機械・工作機械
7944,住宅設備・家具・生活用品
4425,ソフトウェア・SaaS
3038,総合商社・貿易
7345,証券・保険・その他金融
3539,食品スーパー・コンビニ
9913,建材・資材・エネルギー卸
1436,ゼネコン・総合建設
7812,住宅設備・家具・生活用品
2270,食品製造・飲料・酒類
5254,ソフトウェア・SaaS
6315,産業機械・工作機械
3696,SI・受託開発(中堅)
6866,民生電機・情報端末
2156,広告・PR・マーケティング
4397,ソフトウェア・SaaS
4180,ソフトウェア・SaaS
9882,建材・資材・エネルギー卸
8836,不動産管理・仲介・賃貸
4092,機能性化学・先端材料
9697,ゲーム・デジタルコンテンツ
6954,民生電機・情報端末
9744,人材サービス・派遣
2997,不動産管理・仲介・賃貸
2163,人材サービス・派遣
4288,ソフトウェア・SaaS
5616,SI・受託開発(中堅)
5351,ガラス・セラミックス・ゴム
4499,SI・受託開発(中堅)
1446,ゼネコン・総合建設
4371,SI・受託開発(中堅)
421A,人材サービス・派遣
4019,ソフトウェア・SaaS
9658,SI・受託開発(中堅)
2124,人材サービス・派遣
8056,SI・受託開発(大手)
3694,ソフトウェア・SaaS
3191,ドラッグストア・HC
4369,機能性化学・先端材料
7368,広告・PR・マーケティング
6955,重電・産業用電機
2685,衣料・家電・専門店
5252,ソフトウェア・SaaS
4194,Webプラットフォーム・EC
4444,SI・受託開発(中堅)
4484,ソフトウェア・SaaS
4073,ソフトウェア・SaaS
4246,機能性化学・先端材料
3914,ソフトウェア・SaaS
3177,衣料・家電・専門店
7036,広告・PR・マーケティング
4021,基礎化学・石油化学
6632,民生電機・情報端末
2211,調味料・菓子・冷凍食品
6965,電子部品・デバイス
3979,SI・受託開発(中堅)
7599,建材・資材・エネルギー卸
7581,飲食チェーン・中食
6861,民生電機・情報端末
6819,ホテル・旅行・レジャー
2970,不動産管理・仲介・賃貸
3433,金属製品・金属加工
6200,教育・研修・資格
6208,産業機械・工作機械
2375,人材サービス・派遣
6368,産業機械・工作機械
6457,産業機械・工作機械
7760,計測・分析・光学機器
4539,医薬品・バイオ
6645,電子部品・デバイス
6503,重電・産業用電機
7735,半導体・半導体製造装置
5341,ガラス・セラミックス・ゴム
2180,広告・PR・マーケティング
4419,ソフトウェア・SaaS
6754,民生電機・情報端末
5884,食品スーパー・コンビニ
7198,証券・保険・その他金融
5588,ソフトウェア・SaaS
6963,半導体・半導体製造装置
9439,エンタメ・スポーツ・その他サービス
9065,貨物・物流・倉庫
1384,資源・エネルギー・農林水産
4594,医薬品・バイオ
8931,不動産開発・デベロッパー
4592,医薬品・バイオ
4563,医薬品・バイオ
3661,Webプラットフォーム・EC
4256,ソフトウェア・SaaS
4937,機能性化学・先端材料
4894,医薬品・バイオ
3237,不動産管理・仲介・賃貸
2937,食品製造・飲料・酒類
4377,SI・受託開発(中堅)
8095,建材・資材・エネルギー卸
7776,計測・分析・光学機器
4071,ソフトウェア・SaaS
4765,エンタメ・スポーツ・その他サービス
330A,SI・受託開発(中堅)
6522,民生電機・情報端末
6757,民生電機・情報端末
4196,SI・受託開発(中堅)
7202,自動車・輸送用機器
6182,エンタメ・スポーツ・その他サービス
7088,人材サービス・派遣
6504,重電・産業用電機
6941,半導体・半導体製造装置
4887,医薬品・バイオ
9424,通信キャリア・放送
7096,エンタメ・スポーツ・その他サービス
3695,ソフトウェア・SaaS
4598,医薬品・バイオ
4082,機能性化学・先端材料
3854,SI・受託開発(中堅)
3727,ソフトウェア・SaaS
7868,住宅設備・家具・生活用品
6506,重電・産業用電機
4771,コンサルティング・BPO
2597,食品製造・飲料・酒類
4570,医薬品・バイオ
276A,不動産開発・デベロッパー
2894,食品製造・飲料・酒類
8230,衣料・家電・専門店
6597,民生電機・情報端末
4442,SI・受託開発(中堅)
3521,エンタメ・スポーツ・その他サービス
1815,ゼネコン・総合建設
3769,ソフトウェア・SaaS
6674,民生電機・情報端末
5332,ガラス・セラミックス・ゴム
280A,建材・資材・エネルギー卸
1419,ゼネコン・総合建設
4578,医薬品・バイオ
4422,SI・受託開発(中堅)
4412,ソフトウェア・SaaS
4418,SI・受託開発(中堅)
5817,鉄鋼・非鉄金属
338A,ソフトウェア・SaaS
4431,ソフトウェア・SaaS
9412,通信キャリア・放送
5985,金属製品・金属加工
6568,エンタメ・スポーツ・その他サービス
3091,飲食チェーン・中食
4386,SI・受託開発(中堅)
7041,人材サービス・派遣
5032,SI・受託開発(中堅)
4379,ソフトウェア・SaaS
6226,産業機械・工作機械
6383,産業機械・工作機械
6278,産業機械・工作機械
6702,民生電機・情報端末
4478,ソフトウェア・SaaS
9343,エンタメ・スポーツ・その他サービス
7463,衣料・家電・専門店
4766,人材サービス・派遣
4587,医薬品・バイオ
3276,不動産管理・仲介・賃貸
9946,食品スーパー・コンビニ
3496,不動産管理・仲介・賃貸
4732,エンタメ・スポーツ・その他サービス
138A,飲食チェーン・中食
6376,計測・分析・光学機器
6367,産業機械・工作機械
215A,人材サービス・派遣
4022,機能性化学・先端材料
7073,教育・研修・資格
7082,エンタメ・スポーツ・その他サービス
9793,環境・リサイクル・ビル管理
153A,ソフトウェア・SaaS
8032,総合商社・貿易
4058,ソフトウェア・SaaS
9246,コンサルティング・BPO
155A,SI・受託開発(中堅)
3415,衣料・家電・専門店
4107,機能性化学・先端材料
4519,医薬品・バイオ
7356,エンタメ・スポーツ・その他サービス
7794,住宅設備・家具・生活用品
156A,広告・PR・マーケティング
6481,産業機械・工作機械
3372,飲食チェーン・中食
4016,SI・受託開発(中堅)
3093,衣料・家電・専門店
4482,Webプラットフォーム・EC
2668,建材・資材・エネルギー卸
3850,ソフトウェア・SaaS
4415,通信キャリア・放送
5344,ガラス・セラミックス・ゴム
505A,人材サービス・派遣
6736,民生電機・情報端末
4179,ソフトウェア・SaaS
7120,建材・資材・エネルギー卸
5038,SI・受託開発(中堅)
6387,産業機械・工作機械
3405,基礎化学・石油化学
9686,エンタメ・スポーツ・その他サービス
296A,コンサルティング・BPO
6083,コンサルティング・BPO
7711,計測・分析・光学機器
323A,ソフトウェア・SaaS
6532,コンサルティング・BPO
9303,貨物・物流・倉庫
3446,金属製品・金属加工
3843,Webプラットフォーム・EC
5132,ソフトウェア・SaaS
2229,食品製造・飲料・酒類
4889,医薬品・バイオ
3987,ソフトウェア・SaaS
2160,医薬品・バイオ
3853,ソフトウェア・SaaS
3968,SI・受託開発(中堅)
6629,電子部品・デバイス
460A,SI・受託開発(中堅)
6836,民生電機・情報端末
6524,電子部品・デバイス
3148,ドラッグストア・HC
8697,証券・保険・その他金融
4014,ソフトウェア・SaaS
2736,衣料・家電・専門店
4847,ソフトウェア・SaaS
475A,医療・介護・福祉サービス
5136,ソフトウェア・SaaS
1802,ゼネコン・総合建設
1812,ゼネコン・総合建設
2464,教育・研修・資格
3807,SI・受託開発(中堅)
5802,鉄鋼・非鉄金属
3687,ソフトウェア・SaaS
8225,建材・資材・エネルギー卸
6862,民生電機・情報端末
4564,医薬品・バイオ
5592,SI・受託開発(中堅)
8125,建材・資材・エネルギー卸
7611,飲食チェーン・中食
7376,コンサルティング・BPO
6652,重電・産業用電機
9272,エンタメ・スポーツ・その他サービス
431A,SI・受託開発(中堅)
3891,繊維・紙パルプ
4543,計測・分析・光学機器
3993,ソフトウェア・SaaS
3679,Webプラットフォーム・EC
4490,SI・受託開発(中堅)
4258,SI・受託開発(中堅)
2413,医療・介護・福祉サービス
7187,証券・保険・その他金融
4554,医薬品・バイオ
2222,調味料・菓子・冷凍食品
9419,通信キャリア・放送
7972,住宅設備・家具・生活用品
4971,機能性化学・先端材料
9271,衣料・家電・専門店
7806,住宅設備・家具・生活用品
3359,建材・資材・エネルギー卸
3939,SI・受託開発(中堅)
6507,民生電機・情報端末
8160,飲食チェーン・中食
9552,コンサルティング・BPO
9168,コンサルティング・BPO
6305,建設機械・農業機械
4392,SI・受託開発(中堅)
4186,機能性化学・先端材料
3065,飲食チェーン・中食
9418,SI・受託開発(中堅)
6590,電子部品・デバイス
3697,ソフトウェア・SaaS
288A,エンタメ・スポーツ・その他サービス
5381,ガラス・セラミックス・ゴム
4776,ソフトウェア・SaaS
3498,不動産開発・デベロッパー
9766,ゲーム・デジタルコンテンツ
4051,ソフトウェア・SaaS
9241,広告・PR・マーケティング
9445,通信キャリア・放送
4177,SI・受託開発(中堅)
6834,電子部品・デバイス
6508,重電・産業用電機
6721,民生電機・情報端末
4714,教育・研修・資格
7747,計測・分析・光学機器
3994,ソフトウェア・SaaS
2664,ドラッグストア・HC
5210,ガラス・セラミックス・ゴム
3053,飲食チェーン・中食
6946,重電・産業用電機
5537,不動産管理・仲介・賃貸
290A,SI・受託開発(中堅)
7741,計測・分析・光学機器
4461,機能性化学・先端材料
9325,貨物・物流・倉庫
269A,ソフトウェア・SaaS
1803,ゼネコン・総合建設
7751,民生電機・情報端末
378A,広告・PR・マーケティング
2175,医療・介護・福祉サービス
3803,SI・受託開発(中堅)
7453,百貨店・総合スーパー
9025,貨物・物流・倉庫
8020,建材・資材・エネルギー卸
7388,証券・保険・その他金融
4374,ソフトウェア・SaaS
4611,機能性化学・先端材料
438A,ソフトウェア・SaaS
277A,コンサルティング・BPO
3092,EC・通販・無店舗販売
4368,基礎化学・石油化学
3223,飲食チェーン・中食
3469,不動産開発・デベロッパー
6227,産業機械・工作機械
2371,エンタメ・スポーツ・その他サービス
6838,民生電機・情報端末
5253,ソフトウェア・SaaS
4438,SI・受託開発(中堅)
3048,衣料・家電・専門店
246A,コンサルティング・BPO
247A,日用化学品・化粧品
6890,半導体・半導体製造装置
456A,衣料・家電・専門店
5591,ソフトウェア・SaaS
8016,繊維・紙パルプ
2938,食品製造・飲料・酒類
4559,医薬品・バイオ
4475,ソフトウェア・SaaS
2962,金属製品・金属加工
7810,住宅設備・家具・生活用品
2158,エンタメ・スポーツ・その他サービス
6981,電子部品・デバイス
6361,産業機械・工作機械
325A,繊維・紙パルプ
3815,Webプラットフォーム・EC
184A,SI・受託開発(中堅)
9708,ホテル・旅行・レジャー
8136,建材・資材・エネルギー卸
3224,飲食チェーン・中食
4176,Webプラットフォーム・EC
5137,ソフトウェア・SaaS
6016,自動車・輸送用機器
3104,繊維・紙パルプ
6327,産業機械・工作機械
5243,ソフトウェア・SaaS
8789,証券・保険・その他金融
3777,ソフトウェア・SaaS
3064,EC・通販・無店舗販売
2134,コンサルティング・BPO
9337,エンタメ・スポーツ・その他サービス
4704,ソフトウェア・SaaS
142A,人材サービス・派遣
7827,住宅設備・家具・生活用品
5246,ソフトウェア・SaaS
3402,繊維・紙パルプ
6656,半導体・半導体製造装置
2345,ソフトウェア・SaaS
6036,エンタメ・スポーツ・その他サービス
3449,金属製品・金属加工
3565,建材・資材・エネルギー卸
554A,ソフトウェア・SaaS
402A,自動車・輸送用機器
6479,電子部品・デバイス
5715,鉄鋼・非鉄金属
6042,自動車・輸送用機器
8850,不動産開発・デベロッパー
3166,建材・資材・エネルギー卸
4463,基礎化学・石油化学
5578,SI・受託開発(中堅)
5258,ソフトウェア・SaaS
7196,証券・保険・その他金融
2216,調味料・菓子・冷凍食品
4762,ソフトウェア・SaaS
4452,日用化学品・化粧品
4718,教育・研修・資格
5845,証券・保険・その他金融
4833,コンサルティング・BPO
9950,飲食チェーン・中食
4819,SI・受託開発(中堅)
6969,電子部品・デバイス
3110,ガラス・セラミックス・ゴム
3185,EC・通販・無店舗販売
7643,食品スーパー・コンビニ
7352,コンサルティング・BPO
212A,ホテル・旅行・レジャー
3358,飲食チェーン・中食
8035,半導体・半導体製造装置
4487,SI・受託開発(中堅)
4390,通信キャリア・放送
9215,エンタメ・スポーツ・その他サービス
4588,医薬品・バイオ
9983,衣料・家電・専門店
7752,民生電機・情報端末
6777,民生電機・情報端末
7992,住宅設備・家具・生活用品
341A,ゼネコン・総合建設
6920,半導体・半導体製造装置
3691,Webプラットフォーム・EC
3135,EC・通販・無店舗販売
2590,食品製造・飲料・酒類
4449,SI・受託開発(中堅)
4716,ソフトウェア・SaaS
5587,ソフトウェア・SaaS
6433,産業機械・工作機械
7621,飲食チェーン・中食
3561,飲食チェーン・中食
9639,エンタメ・スポーツ・その他サービス
3663,ソフトウェア・SaaS
6971,民生電機・情報端末
7678,飲食チェーン・中食
3671,ソフトウェア・SaaS
2492,エンタメ・スポーツ・その他サービス
6558,人材サービス・派遣
3692,ソフトウェア・SaaS
6613,半導体・半導体製造装置
8566,証券・保険・その他金融
9312,貨物・物流・倉庫
7777,計測・分析・光学機器
9245,エンタメ・スポーツ・その他サービス
2154,人材サービス・派遣
7932,住宅設備・家具・生活用品
9553,広告・PR・マーケティング
1860,ゼネコン・総合建設
2702,飲食チェーン・中食
7638,衣料・家電・専門店
6146,産業機械・工作機械
9900,飲食チェーン・中食
4054,ソフトウェア・SaaS
429A,住宅設備・家具・生活用品
6776,機能性化学・先端材料
135A,ソフトウェア・SaaS
9254,広告・PR・マーケティング
7630,飲食チェーン・中食
278A,計測・分析・光学機器
5704,鉄鋼・非鉄金属
6871,半導体・半導体製造装置
4568,医薬品・バイオ
5726,鉄鋼・非鉄金属
3923,ソフトウェア・SaaS
4047,機能性化学・先端材料
6072,コンサルティング・BPO
6232,産業機械・工作機械
3198,飲食チェーン・中食
5706,鉄鋼・非鉄金属
6031,エンタメ・スポーツ・その他サービス
3933,ソフトウェア・SaaS
4572,医薬品・バイオ
8173,衣料・家電・専門店
2681,衣料・家電・専門店
7069,広告・PR・マーケティング
218A,計測・分析・光学機器
1878,不動産開発・デベロッパー
2678,EC・通販・無店舗販売
3399,飲食チェーン・中食
2656,衣料・家電・専門店
7044,広告・PR・マーケティング
3796,ソフトウェア・SaaS
6762,電子部品・デバイス
6098,人材サービス・派遣
7272,自動車・輸送用機器
6588,民生電機・情報端末
6779,電子部品・デバイス
6942,SI・受託開発(中堅)
2338,SI・受託開発(中堅)
2871,食品製造・飲料・酒類
7936,玩具・スポーツ・文具・雑貨
2936,食品製造・飲料・酒類
3077,飲食チェーン・中食
3353,衣料・家電・専門店
4443,ソフトウェア・SaaS
9470,SI・受託開発(中堅)
4661,ホテル・旅行・レジャー
2877,食品製造・飲料・酒類
9028,貨物・物流・倉庫
2351,ソフトウェア・SaaS
6324,産業機械・工作機械
5597,ソフトウェア・SaaS
6701,民生電機・情報端末
287A,建材・資材・エネルギー卸
1893,ゼネコン・総合建設
5803,鉄鋼・非鉄金属
6666,電子部品・デバイス
556A,食品スーパー・コンビニ
6366,ゼネコン・総合建設
4430,ソフトウェア・SaaS
2282,食品製造・飲料・酒類
4531,基礎化学・石油化学
4626,機能性化学・先端材料
6370,産業機械・工作機械
7805,住宅設備・家具・生活用品
4448,ソフトウェア・SaaS
464A,SI・受託開発(中堅)
4255,ソフトウェア・SaaS
2901,食品製造・飲料・酒類
3810,ゲーム・デジタルコンテンツ
7649,ドラッグストア・HC
8698,証券・保険・その他金融
407A,ゼネコン・総合建設
6027,コンサルティング・BPO
8864,不動産管理・仲介・賃貸
3981,Webプラットフォーム・EC
3046,衣料・家電・専門店
9259,エンタメ・スポーツ・その他サービス
2215,食品製造・飲料・酒類
3501,繊維・紙パルプ
4384,ソフトウェア・SaaS
5727,鉄鋼・非鉄金属
4413,SI・受託開発(中堅)
7726,産業機械・工作機械
9262,食品スーパー・コンビニ
208A,SI・受託開発(中堅)
3030,飲食チェーン・中食
6537,エンタメ・スポーツ・その他サービス
6594,民生電機・情報端末
7692,資源・エネルギー・農林水産
6525,半導体・半導体製造装置
7733,計測・分析・光学機器
6976,電子部品・デバイス
6857,半導体・半導体製造装置
7695,EC・通販・無店舗販売
285A,半導体・半導体製造装置
3997,SI・受託開発(中堅)
9449,通信キャリア・放送
2334,エンタメ・スポーツ・その他サービス
2220,食品製造・飲料・酒類
1332,資源・エネルギー・農林水産
5842,証券・保険・その他金融
4980,機能性化学・先端材料
9713,ホテル・旅行・レジャー
7214,自動車・輸送用機器
2533,食品製造・飲料・酒類
8253,証券・保険・その他金融
6538,人材サービス・派遣
3409,繊維・紙パルプ
9227,エンタメ・スポーツ・その他サービス
6231,産業機械・工作機械
7419,衣料・家電・専門店
8291,衣料・家電・専門店
2212,食品製造・飲料・酒類
365A,繊維・紙パルプ
4259,ソフトウェア・SaaS
5891,飲食チェーン・中食
6040,ホテル・旅行・レジャー
5805,鉄鋼・非鉄金属
4552,医薬品・バイオ
4417,ソフトウェア・SaaS
559A,食品製造・飲料・酒類
9428,通信キャリア・放送
2268,食品製造・飲料・酒類
6544,コンサルティング・BPO
3113,証券・保険・その他金融
2209,調味料・菓子・冷凍食品
8088,建材・資材・エネルギー卸
7011,産業機械・工作機械
7615,衣料・家電・専門店
2935,食品製造・飲料・酒類
5801,鉄鋼・非鉄金属
7699,機械・電子部品卸
4875,医薬品・バイオ
485A,重電・産業用電機
4373,SI・受託開発(中堅)
6574,エンタメ・スポーツ・その他サービス
7685,建材・資材・エネルギー卸
4062,電子部品・デバイス
9257,エンタメ・スポーツ・その他サービス
4385,Webプラットフォーム・EC
8050,計測・分析・光学機器
5711,鉄鋼・非鉄金属
3962,SI・受託開発(中堅)
6269,産業機械・工作機械
2353,不動産開発・デベロッパー
8015,総合商社・貿易
9083,貨物・物流・倉庫
186A,エンタメ・スポーツ・その他サービス
3905,ソフトウェア・SaaS
9067,貨物・物流・倉庫
6993,衣料・家電・専門店
9059,貨物・物流・倉庫
4307,DX支援・ITコンサルティング
6634,民生電機・情報端末
9074,鉄道・バス・旅客運輸
7897,住宅設備・家具・生活用品
5742,鉄鋼・非鉄金属
3083,衣料・家電・専門店
4784,エンタメ・スポーツ・その他サービス
7220,自動車・輸送用機器
9533,資源・エネルギー・農林水産
3491,不動産開発・デベロッパー
4202,機能性化学・先端材料
7280,民生電機・情報端末
2195,環境・リサイクル・ビル管理
4613,機能性化学・先端材料
9565,エンタメ・スポーツ・その他サービス
7383,証券・保険・その他金融
9348,エンタメ・スポーツ・その他サービス
9301,貨物・物流・倉庫
3241,不動産管理・仲介・賃貸
4935,日用化学品・化粧品
5016,鉄鋼・非鉄金属
2897,食品製造・飲料・酒類
2705,飲食チェーン・中食
9672,ホテル・旅行・レジャー
6501,民生電機・情報端末
2226,食品製造・飲料・酒類
3547,飲食チェーン・中食
4483,SI・受託開発(中堅)
3157,建材・資材・エネルギー卸
7554,飲食チェーン・中食
8207,飲食チェーン・中食
6703,民生電機・情報端末
2923,食品製造・飲料・酒類
6999,電子部品・デバイス
6059,医療・介護・福祉サービス
5026,SI・受託開発(中堅)
6533,広告・PR・マーケティング
7412,飲食チェーン・中食
4494,ソフトウェア・SaaS
6787,電子部品・デバイス
3154,建材・資材・エネルギー卸
2281,食品製造・飲料・酒類
7085,ホテル・旅行・レジャー
6469,産業機械・工作機械
7245,自動車・輸送用機器
4432,ソフトウェア・SaaS
319A,金属製品・金属加工
2181,人材サービス・派遣
9110,貨物・物流・倉庫
3955,繊維・紙パルプ
2323,SI・受託開発(中堅)
175A,ソフトウェア・SaaS
9338,コンサルティング・BPO
4960,基礎化学・石油化学
4492,ソフトウェア・SaaS
268A,計測・分析・光学機器
9831,衣料・家電・専門店
7003,産業機械・工作機械
7075,コンサルティング・BPO
6085,エンタメ・スポーツ・その他サービス
2752,飲食チェーン・中食
3193,飲食チェーン・中食
9769,教育・研修・資格
7409,自動車・輸送用機器
9235,広告・PR・マーケティング
9090,貨物・物流・倉庫
6958,電子部品・デバイス
2802,食品製造・飲料・酒類
5618,SI・受託開発(中堅)
3436,金属製品・金属加工
6977,電子部品・デバイス
6521,電子部品・デバイス
3753,ソフトウェア・SaaS
7030,教育・研修・資格
9828,飲食チェーン・中食
9336,環境・リサイクル・ビル管理
4367,機能性化学・先端材料
9073,貨物・物流・倉庫
2204,食品製造・飲料・酒類
3186,衣料・家電・専門店
2587,食品製造・飲料・酒類
5632,鉄鋼・非鉄金属
8255,食品スーパー・コンビニ
281A,ソフトウェア・SaaS
2769,衣料・家電・専門店
3300,不動産管理・仲介・賃貸
4060,ソフトウェア・SaaS
7273,自動車・輸送用機器
1946,ゼネコン・総合建設
5110,ガラス・セラミックス・ゴム
2914,食品製造・飲料・酒類
4593,医薬品・バイオ
1773,ゼネコン・総合建設
6343,産業機械・工作機械
3878,機能性化学・先端材料
2683,食品スーパー・コンビニ
6224,産業機械・工作機械
9304,貨物・物流・倉庫
7709,計測・分析・光学機器
5892,衣料・家電・専門店
2768,総合商社・貿易
2198,エンタメ・スポーツ・その他サービス
8996,不動産管理・仲介・賃貸
2607,食品製造・飲料・酒類
5609,鉄鋼・非鉄金属
3401,繊維・紙パルプ
7508,食品スーパー・コンビニ
504A,医薬品・バイオ
9853,飲食チェーン・中食
8596,証券・保険・その他金融
3774,通信キャリア・放送
2818,食品製造・飲料・酒類
2344,エンタメ・スポーツ・その他サービス
6564,環境・リサイクル・ビル管理
5401,鉄鋼・非鉄金属
2820,食品製造・飲料・酒類
9861,飲食チェーン・中食
2932,食品製造・飲料・酒類
6380,産業機械・工作機械
197A,医薬品・バイオ
5724,鉄鋼・非鉄金属
4011,ソフトウェア・SaaS
3391,ドラッグストア・HC
2579,食品製造・飲料・酒類
5301,ガラス・セラミックス・ゴム
7090,医療・介護・福祉サービス
3097,飲食チェーン・中食
4901,機能性化学・先端材料
9037,貨物・物流・倉庫
2730,衣料・家電・専門店
7509,衣料・家電・専門店
2816,調味料・菓子・冷凍食品
2585,食品製造・飲料・酒類
2698,百貨店・総合スーパー
141A,百貨店・総合スーパー
6997,電子部品・デバイス
9163,エンタメ・スポーツ・その他サービス
2872,食品製造・飲料・酒類
3778,サイバーセキュリティ・クラウド
9310,貨物・物流・倉庫
9252,コンサルティング・BPO
8252,百貨店・総合スーパー
7914,住宅設備・家具・生活用品
9143,貨物・物流・倉庫
8214,衣料・家電・専門店
3793,ゲーム・デジタルコンテンツ
3350,建材・資材・エネルギー卸
7674,飲食チェーン・中食
9279,飲食チェーン・中食
6549,広告・PR・マーケティング
4023,機能性化学・先端材料
2903,食品製造・飲料・酒類
2224,食品製造・飲料・酒類
7012,自動車・輸送用機器
5216,ガラス・セラミックス・ゴム
6752,民生電機・情報端末
2393,医療・介護・福祉サービス
2170,コンサルティング・BPO
5194,ガラス・セラミックス・ゴム
3184,衣料・家電・専門店
3927,ソフトウェア・SaaS
3096,食品スーパー・コンビニ
6326,建設機械・農業機械
7421,飲食チェーン・中食
5858,鉄鋼・非鉄金属
8769,医療・介護・福祉サービス
5036,ソフトウェア・SaaS
3407,機能性化学・先端材料
5101,ガラス・セラミックス・ゴム
2501,食品製造・飲料・酒類
6966,半導体・半導体製造装置
436A,サイバーセキュリティ・クラウド
6627,半導体・半導体製造装置
2264,食品製造・飲料・酒類
3673,ソフトウェア・SaaS
4911,日用化学品・化粧品
4183,機能性化学・先端材料
9270,建材・資材・エネルギー卸
3178,飲食チェーン・中食
6078,医療・介護・福祉サービス
8174,衣料・家電・専門店
7462,衣料・家電・専門店
3041,建材・資材・エネルギー卸
2673,EC・通販・無店舗販売
5019,資源・エネルギー・農林水産
7746,計測・分析・光学機器
9072,貨物・物流・倉庫
8798,証券・保険・その他金融
7361,人材サービス・派遣
7915,住宅設備・家具・生活用品
6723,半導体・半導体製造装置
2395,エンタメ・スポーツ・その他サービス
1925,ゼネコン・総合建設
2721,建材・資材・エネルギー卸
8848,不動産管理・仲介・賃貸
1379,資源・エネルギー・農林水産
4061,基礎化学・石油化学
7135,衣料・家電・専門店
5406,鉄鋼・非鉄金属
7458,建材・資材・エネルギー卸
3205,繊維・紙パルプ
7771,計測・分析・光学機器
9661,エンタメ・スポーツ・その他サービス
3951,繊維・紙パルプ
4260,SI・受託開発(中堅)
3082,飲食チェーン・中食
160A,コンサルティング・BPO
6005,産業機械・工作機械
9532,資源・エネルギー・農林水産
9029,貨物・物流・倉庫
3877,繊維・紙パルプ
6264,産業機械・工作機械
4970,基礎化学・石油化学
4544,エンタメ・スポーツ・その他サービス
7532,百貨店・総合スーパー
3628,SI・受託開発(中堅)
9896,建材・資材・エネルギー卸
7888,機能性化学・先端材料
523A,金属製品・金属加工
4410,機能性化学・先端材料
7013,産業機械・工作機械
9450,通信キャリア・放送
6495,産業機械・工作機械
4503,医薬品・バイオ
9278,衣料・家電・専門店
4902,民生電機・情報端末
5201,ガラス・セラミックス・ゴム
4125,機能性化学・先端材料
8058,総合商社・貿易
9843,衣料・家電・専門店
7318,自動車・輸送用機器
2798,飲食チェーン・中食
7022,産業機械・工作機械
7366,教育・研修・資格
7363,医療・介護・福祉サービス
9076,貨物・物流・倉庫
9057,貨物・物流・倉庫
6096,教育・研修・資格
7018,自動車・輸送用機器
2776,建材・資材・エネルギー卸
8133,総合商社・貿易
7780,計測・分析・光学機器
7682,飲食チェーン・中食
7004,産業機械・工作機械
4004,基礎化学・石油化学
6561,ホテル・旅行・レジャー
2934,食品製造・飲料・酒類
9678,エンタメ・スポーツ・その他サービス
8002,総合商社・貿易
8039,食品・農産物卸
7571,衣料・家電・専門店
6197,医療・介護・福祉サービス
5199,ガラス・セラミックス・ゴム
5232,ガラス・セラミックス・ゴム
8200,飲食チェーン・中食
8142,食品・農産物卸
4480,SI・受託開発(中堅)
3910,ソフトウェア・SaaS
7947,機能性化学・先端材料
7047,エンタメ・スポーツ・その他サービス
469A,ホテル・旅行・レジャー
3563,飲食チェーン・中食
3196,飲食チェーン・中食
6547,ホテル・旅行・レジャー
8876,コンサルティング・BPO
3058,衣料・家電・専門店
6740,電子部品・デバイス
2462,エンタメ・スポーツ・その他サービス
3549,ドラッグストア・HC
5952,金属製品・金属加工
2931,食品製造・飲料・酒類
8053,総合商社・貿易
3551,繊維・紙パルプ
9360,SI・受託開発(中堅)
3418,飲食チェーン・中食
7585,飲食チェーン・中食
6062,医療・介護・福祉サービス
5255,SI・受託開発(中堅)
9218,医療・介護・福祉サービス
5981,金属製品・金属加工
7603,衣料・家電・専門店
8030,食品・農産物卸
9145,貨物・物流・倉庫
9322,貨物・物流・倉庫
7201,自動車・輸送用機器
8914,不動産管理・仲介・賃貸
9633,不動産開発・デベロッパー
9976,ドラッグストア・HC
3480,不動産開発・デベロッパー
2469,エンタメ・スポーツ・その他サービス
9302,貨物・物流・倉庫
339A,エンタメ・スポーツ・その他サービス
6089,人材サービス・派遣
9636,エンタメ・スポーツ・その他サービス
3187,EC・通販・無店舗販売
3387,飲食チェーン・中食
9064,貨物・物流・倉庫
8166,衣料・家電・専門店
6071,エンタメ・スポーツ・その他サービス
2762,飲食チェーン・中食
1383,資源・エネルギー・農林水産
1407,ゼネコン・総合建設
2694,飲食チェーン・中食
7520,食品スーパー・コンビニ
9306,貨物・物流・倉庫
4777,ゲーム・デジタルコンテンツ
3099,百貨店・総合スーパー
8163,飲食チェーン・中食
262A,衣料・家電・専門店
7074,エンタメ・スポーツ・その他サービス
3349,ドラッグストア・HC
414A,SI・受託開発(中堅)
6472,産業機械・工作機械
8031,総合商社・貿易
2157,ホテル・旅行・レジャー
7367,人材サービス・派遣
4098,機能性化学・先端材料
7238,自動車・輸送用機器
2695,飲食チェーン・中食
5491,鉄鋼・非鉄金属
8001,総合商社・貿易
195A,エンタメ・スポーツ・その他サービス
8585,証券・保険・その他金融
9010,鉄道・バス・旅客運輸
5480,鉄鋼・非鉄金属
4222,機能性化学・先端材料
6039,医療・介護・福祉サービス
9104,貨物・物流・倉庫
3190,衣料・家電・専門店
7126,衣料・家電・専門店
8793,証券・保険・その他金融
1820,ゼネコン・総合建設
3976,ソフトウェア・SaaS
7524,飲食チェーン・中食
9308,貨物・物流・倉庫
194A,医療・介護・福祉サービス
4631,機能性化学・先端材料
9433,通信キャリア・放送
7162,資源・エネルギー・農林水産
7850,住宅設備・家具・生活用品
7886,機能性化学・先端材料
3454,不動産開発・デベロッパー
3946,繊維・紙パルプ
5020,資源・エネルギー・農林水産
4801,ホテル・旅行・レジャー
7354,広告・PR・マーケティング
211A,ゼネコン・総合建設
9887,飲食チェーン・中食
3133,飲食チェーン・中食
9601,SI・受託開発(中堅)
409A,食品製造・飲料・酒類
7550,飲食チェーン・中食
7475,食品スーパー・コンビニ
3484,不動産管理・仲介・賃貸
5889,衣料・家電・専門店
7359,広告・PR・マーケティング
3474,不動産管理・仲介・賃貸
3067,飲食チェーン・中食
7084,エンタメ・スポーツ・その他サービス
8944,不動産管理・仲介・賃貸
2882,食品製造・飲料・酒類
245A,飲食チェーン・中食
4553,医薬品・バイオ
9722,ホテル・旅行・レジャー
9535,資源・エネルギー・農林水産
9539,資源・エネルギー・農林水産
9979,飲食チェーン・中食
2384,貨物・物流・倉庫
9973,飲食チェーン・中食
5741,鉄鋼・非鉄金属
8194,食品スーパー・コンビニ
2164,エンタメ・スポーツ・その他サービス
2404,ホテル・旅行・レジャー
6147,産業機械・工作機械
9706,不動産開発・デベロッパー
3556,EC・通販・無店舗販売
417A,食品スーパー・コンビニ
9221,環境・リサイクル・ビル管理
9249,環境・リサイクル・ビル管理
4565,医薬品・バイオ
7119,衣料・家電・専門店
8920,エンタメ・スポーツ・その他サービス
3543,建材・資材・エネルギー卸
9627,ドラッグストア・HC
2884,食品製造・飲料・酒類
9327,貨物・物流・倉庫
9969,飲食チェーン・中食
3864,繊維・紙パルプ
2742,食品スーパー・コンビニ
7133,衣料・家電・専門店
4091,基礎化学・石油化学
9720,ホテル・旅行・レジャー
9699,エンタメ・スポーツ・その他サービス
463A,不動産開発・デベロッパー
3546,ドラッグストア・HC
8892,不動産開発・デベロッパー
3068,飲食チェーン・中食
8179,飲食チェーン・中食
9365,貨物・物流・倉庫
9267,ドラッグストア・HC
3967,ソフトウェア・SaaS
4088,機能性化学・先端材料
2340,ホテル・旅行・レジャー
4026,ガラス・セラミックス・ゴム
5571,ソフトウェア・SaaS
6141,産業機械・工作機械
1375,資源・エネルギー・農林水産
7919,住宅設備・家具・生活用品
9997,衣料・家電・専門店
9984,通信キャリア・放送
9628,エンタメ・スポーツ・その他サービス
8860,不動産管理・仲介・賃貸
9274,建材・資材・エネルギー卸
3050,ドラッグストア・HC
7241,自動車・輸送用機器
8237,百貨店・総合スーパー
9733,教育・研修・資格
7097,医療・介護・福祉サービス
3750,SI・受託開発(中堅)
2293,食品製造・飲料・酒類
9034,貨物・物流・倉庫
4681,ホテル・旅行・レジャー
3447,金属製品・金属加工
9247,環境・リサイクル・ビル管理
2734,衣料・家電・専門店
6428,産業機械・工作機械
9959,食品スーパー・コンビニ
4666,不動産開発・デベロッパー
3167,建材・資材・エネルギー卸
5076,ゼネコン・総合建設
543A,自動車・輸送用機器
6565,ホテル・旅行・レジャー
9531,資源・エネルギー・農林水産
9890,食品スーパー・コンビニ
2503,食品製造・飲料・酒類
9264,建材・資材・エネルギー卸
7247,自動車・輸送用機器
7203,自動車・輸送用機器
7562,飲食チェーン・中食
4337,エンタメ・スポーツ・その他サービス
3395,飲食チェーン・中食
9147,貨物・物流・倉庫
6758,民生電機・情報端末
6400,産業機械・工作機械
7795,住宅設備・家具・生活用品
3397,飲食チェーン・中食
1605,資源・エネルギー・農林水産
3222,百貨店・総合スーパー
4612,機能性化学・先端材料
6570,ホテル・旅行・レジャー
5902,金属製品・金属加工
7271,自動車・輸送用機器
386A,衣料・家電・専門店
3045,建材・資材・エネルギー卸
6092,コンサルティング・BPO
2904,食品製造・飲料・酒類
5391,ガラス・セラミックス・ゴム
4689,SI・受託開発(大手)
8276,百貨店・総合スーパー
3197,飲食チェーン・中食
7375,エンタメ・スポーツ・その他サービス
9049,鉄道・バス・旅客運輸
2179,教育・研修・資格
7698,食品・農産物卸
9075,貨物・物流・倉庫
7679,ドラッグストア・HC
4506,医薬品・バイオ
9211,広告・PR・マーケティング
2337,不動産管理・仲介・賃貸
9701,エンタメ・スポーツ・その他サービス
3175,飲食チェーン・中食
3174,衣料・家電・専門店
2874,食品・農産物卸
3231,不動産管理・仲介・賃貸
298A,Webプラットフォーム・EC
6166,産業機械・工作機械
2300,エンタメ・スポーツ・その他サービス
5283,建材・資材・エネルギー卸
428A,飲食チェーン・中食
5989,金属製品・金属加工
9974,食品スーパー・コンビニ
5380,ガラス・セラミックス・ゴム
6753,民生電機・情報端末
9220,医療・介護・福祉サービス
1447,ゼネコン・総合建設
5870,エンタメ・スポーツ・その他サービス
2588,食品製造・飲料・酒類
9171,貨物・物流・倉庫
9635,エンタメ・スポーツ・その他サービス
3941,繊維・紙パルプ
4657,環境・リサイクル・ビル管理
1380,資源・エネルギー・農林水産
3063,飲食チェーン・中食
3199,ドラッグストア・HC
9557,エンタメ・スポーツ・その他サービス
9434,通信キャリア・放送
4241,機能性化学・先端材料
7901,住宅設備・家具・生活用品
6817,電子部品・デバイス
5998,金属製品・金属加工
4409,機能性化学・先端材料
5261,ホテル・旅行・レジャー
4760,広告・PR・マーケティング
7646,百貨店・総合スーパー
8244,百貨店・総合スーパー
7063,広告・PR・マーケティング
2686,衣料・家電・専門店
3392,建材・資材・エネルギー卸
5233,ガラス・セラミックス・ゴム
4324,広告・PR・マーケティング
9362,貨物・物流・倉庫
9201,鉄道・バス・旅客運輸
9731,エンタメ・スポーツ・その他サービス
6310,建設機械・農業機械
9351,貨物・物流・倉庫
5021,資源・エネルギー・農林水産
4680,ホテル・旅行・レジャー
9202,鉄道・バス・旅客運輸
5411,鉄鋼・非鉄金属
4679,エンタメ・スポーツ・その他サービス
205A,ゼネコン・総合建設
8912,不動産管理・仲介・賃貸
7127,衣料・家電・専門店
4650,エンタメ・スポーツ・その他サービス
2791,食品スーパー・コンビニ
9206,鉄道・バス・旅客運輸
7502,エンタメ・スポーツ・その他サービス
7320,証券・保険・その他金融
9616,ホテル・旅行・レジャー
9250,エンタメ・スポーツ・その他サービス
4040,基礎化学・石油化学
3034,ドラッグストア・HC
352A,ホテル・旅行・レジャー
9850,飲食チェーン・中食
9978,衣料・家電・専門店
9009,鉄道・バス・旅客運輸
4228,機能性化学・先端材料
4707,エンタメ・スポーツ・その他サービス
9369,貨物・物流・倉庫
1711,ゼネコン・総合建設
9761,エンタメ・スポーツ・その他サービス
4502,医薬品・バイオ
7426,建材・資材・エネルギー卸
8278,百貨店・総合スーパー
9324,貨物・物流・倉庫
6233,産業機械・工作機械
6183,コンサルティング・BPO
6562,エンタメ・スポーツ・その他サービス
5532,不動産管理・仲介・賃貸
8802,不動産開発・デベロッパー
6181,エンタメ・スポーツ・その他サービス
3479,不動産管理・仲介・賃貸
7494,衣料・家電・専門店
8801,不動産開発・デベロッパー
9823,食品スーパー・コンビニ
3286,不動産開発・デベロッパー
2789,飲食チェーン・中食
7616,飲食チェーン・中食
9119,貨物・物流・倉庫
367A,衣料・家電・専門店
5248,ソフトウェア・SaaS
7601,百貨店・総合スーパー
3160,食品・農産物卸
4381,ソフトウェア・SaaS
8242,食品スーパー・コンビニ
3557,飲食チェーン・中食
6571,エンタメ・スポーツ・その他サービス
8025,総合商社・貿易
9878,衣料・家電・専門店
7918,飲食チェーン・中食
6189,コンサルティング・BPO
3010,ホテル・旅行・レジャー
9679,エンタメ・スポーツ・その他サービス
2162,エンタメ・スポーツ・その他サービス
1873,ゼネコン・総合建設
4005,基礎化学・石油化学
286A,医療・介護・福祉サービス
9361,貨物・物流・倉庫
8217,百貨店・総合スーパー
3238,不動産管理・仲介・賃貸
2666,衣料・家電・専門店
7512,百貨店・総合スーパー
7791,住宅設備・家具・生活用品
7369,コンサルティング・BPO
3103,繊維・紙パルプ
7625,飲食チェーン・中食
3101,機能性化学・先端材料
9313,貨物・物流・倉庫
9311,貨物・物流・倉庫
8818,不動産管理・仲介・賃貸
2918,食品製造・飲料・酒類
8233,百貨店・総合スーパー
7071,医療・介護・福祉サービス
9380,貨物・物流・倉庫
9778,教育・研修・資格
9069,貨物・物流・倉庫
9956,百貨店・総合スーパー
9432,通信キャリア・放送
3192,EC・通販・無店舗販売
4691,ホテル・旅行・レジャー
9366,貨物・物流・倉庫
3021,エンタメ・スポーツ・その他サービス
3612,繊維・紙パルプ
7083,医療・介護・福祉サービス
9534,資源・エネルギー・農林水産
9704,ホテル・旅行・レジャー
9399,ソフトウェア・SaaS
2778,衣料・家電・専門店
8107,繊維・紙パルプ
3182,EC・通販・無店舗販売
9619,エンタメ・スポーツ・その他サービス
9326,貨物・物流・倉庫
9502,資源・エネルギー・農林水産
9251,エンタメ・スポーツ・その他サービス
7686,食品スーパー・コンビニ
2933,食品製造・飲料・酒類
8273,百貨店・総合スーパー
4343,ホテル・旅行・レジャー
4615,機能性化学・先端材料
4245,機能性化学・先端材料
4720,教育・研修・資格
8181,飲食チェーン・中食
7743,計測・分析・光学機器
2502,食品製造・飲料・酒類
9142,鉄道・バス・旅客運輸
3086,百貨店・総合スーパー
9846,食品スーパー・コンビニ
9166,ホテル・旅行・レジャー
3326,ホテル・旅行・レジャー
3861,繊維・紙パルプ
8830,不動産管理・仲介・賃貸
549A,エンタメ・スポーツ・その他サービス
3289,不動産開発・デベロッパー
7814,住宅設備・家具・生活用品
9045,貨物・物流・倉庫
7065,エンタメ・スポーツ・その他サービス
8267,百貨店・総合スーパー
2653,百貨店・総合スーパー
3382,食品スーパー・コンビニ
2927,食品製造・飲料・酒類
4235,機能性化学・先端材料
5074,ゼネコン・総合建設
6217,産業機械・工作機械
7037,医療・介護・福祉サービス
9008,鉄道・バス・旅客運輸
9052,鉄道・バス・旅客運輸
4188,機能性化学・先端材料
4100,機能性化学・先端材料
9051,貨物・物流・倉庫
9903,ドラッグストア・HC
7215,自動車・輸送用機器
5938,金属製品・金属加工
9173,貨物・物流・倉庫
5852,鉄鋼・非鉄金属
6625,不動産開発・デベロッパー
7111,建材・資材・エネルギー卸
8086,計測・分析・光学機器
9006,鉄道・バス・旅客運輸
9842,衣料・家電・専門店
3293,不動産開発・デベロッパー
4436,Webプラットフォーム・EC
477A,コンサルティング・BPO
2138,ソフトウェア・SaaS
9022,鉄道・バス・旅客運輸
8289,衣料・家電・専門店
7593,衣料・家電・専門店
7267,自動車・輸送用機器
9063,貨物・物流・倉庫
8804,不動産管理・仲介・賃貸
5204,ガラス・セラミックス・ゴム
3370,飲食チェーン・中食
5707,鉄鋼・非鉄金属
6557,医療・介護・福祉サービス
7130,建材・資材・エネルギー卸
9042,鉄道・バス・旅客運輸
4651,エンタメ・スポーツ・その他サービス
3137,衣料・家電・専門店
6218,産業機械・工作機械
9007,鉄道・バス・旅客運輸
8203,百貨店・総合スーパー
5940,金属製品・金属加工
7199,証券・保険・その他金融
7091,医療・介護・福祉サービス
3069,食品製造・飲料・酒類
9023,鉄道・バス・旅客運輸
9223,エンタメ・スポーツ・その他サービス
9024,貨物・物流・倉庫
7808,住宅設備・家具・生活用品
3003,不動産管理・仲介・賃貸
8897,不動産開発・デベロッパー
4809,不動産開発・デベロッパー
8143,繊維・紙パルプ
3121,エンタメ・スポーツ・その他サービス
2471,コンサルティング・BPO
3232,不動産開発・デベロッパー
7516,ドラッグストア・HC
4712,エンタメ・スポーツ・その他サービス
3544,ドラッグストア・HC
9031,鉄道・バス・旅客運輸
9993,食品スーパー・コンビニ
7129,ドラッグストア・HC
4645,教育・研修・資格
168A,住宅設備・家具・生活用品
9005,鉄道・バス・旅客運輸
9723,ホテル・旅行・レジャー
3123,繊維・紙パルプ
2445,エンタメ・スポーツ・その他サービス
2485,エンタメ・スポーツ・その他サービス
9656,ホテル・旅行・レジャー
372A,エンタメ・スポーツ・その他サービス
7578,衣料・家電・専門店
3524,繊維・紙パルプ
9158,医療・介護・福祉サービス
6982,自動車・輸送用機器
3607,繊維・紙パルプ
3536,衣料・家電・専門店
8803,不動産開発・デベロッパー
7561,飲食チェーン・中食
9081,鉄道・バス・旅客運輸
9021,鉄道・バス・旅客運輸
3315,資源・エネルギー・農林水産
9020,鉄道・バス・旅客運輸
4678,教育・研修・資格
6523,民生電機・情報端末
9204,鉄道・バス・旅客運輸
6074,ホテル・旅行・レジャー
2424,エンタメ・スポーツ・その他サービス
9268,建材・資材・エネルギー卸
9305,建材・資材・エネルギー卸
2984,不動産開発・デベロッパー
9503,資源・エネルギー・農林水産
9041,鉄道・バス・旅客運輸
9044,貨物・物流・倉庫
5010,資源・エネルギー・農林水産
6464,産業機械・工作機械
2378,エンタメ・スポーツ・その他サービス
5271,ガラス・セラミックス・ゴム
3204,繊維・紙パルプ
3856,民生電機・情報端末
9048,鉄道・バス・旅客運輸
3011,衣料・家電・専門店
9001,鉄道・バス・旅客運輸
2687,エンタメ・スポーツ・その他サービス
9603,ホテル・旅行・レジャー
7062,エンタメ・スポーツ・その他サービス
3880,繊維・紙パルプ
9003,鉄道・バス・旅客運輸
9519,資源・エネルギー・農林水産
6615,電子部品・デバイス
3109,繊維・紙パルプ
8835,建材・資材・エネルギー卸
3422,金属製品・金属加工
7604,飲食チェーン・中食
8424,証券・保険・その他金融
2747,食品スーパー・コンビニ
8425,証券・保険・その他金融
9446,通信キャリア・放送
7362,医療・介護・福祉サービス
5994,金属製品・金属加工
7640,衣料・家電・専門店
6444,産業機械・工作機械
9082,鉄道・バス・旅客運輸
2796,ドラッグストア・HC
8439,証券・保険・その他金融
297A,衣料・家電・専門店
7061,医療・介護・福祉サービス
7212,自動車・輸送用機器
9033,鉄道・バス・旅客運輸
2291,食品製造・飲料・酒類
4350,ドラッグストア・HC
9536,資源・エネルギー・農林水産
4331,エンタメ・スポーツ・その他サービス
8593,証券・保険・その他金融
9513,資源・エネルギー・農林水産
9355,貨物・物流・倉庫
7515,食品スーパー・コンビニ
2373,医療・介護・福祉サービス
2418,エンタメ・スポーツ・その他サービス
5932,金属製品・金属加工
7040,エンタメ・スポーツ・その他サービス
7831,住宅設備・家具・生活用品
9835,ドラッグストア・HC
8894,不動産管理・仲介・賃貸
9514,資源・エネルギー・農林水産
3896,繊維・紙パルプ
6425,産業機械・工作機械
6186,エンタメ・スポーツ・その他サービス
4920,日用化学品・化粧品
7256,自動車・輸送用機器
9507,資源・エネルギー・農林水産
9060,貨物・物流・倉庫
6699,民生電機・情報端末
3202,繊維・紙パルプ
4755,エンタメ・スポーツ・その他サービス
9160,エンタメ・スポーツ・その他サービス
3863,繊維・紙パルプ
8473,証券・保険・その他金融
3248,不動産開発・デベロッパー
7898,住宅設備・家具・生活用品
9012,鉄道・バス・旅客運輸
7372,エンタメ・スポーツ・その他サービス
9046,鉄道・バス・旅客運輸
9115,貨物・物流・倉庫
6412,産業機械・工作機械
9229,医療・介護・福祉サービス
6173,コンサルティング・BPO
9130,貨物・物流・倉庫
9017,鉄道・バス・旅客運輸
3494,不動産管理・仲介・賃貸
4735,教育・研修・資格
2993,不動産管理・仲介・賃貸
9508,資源・エネルギー・農林水産
9812,衣料・家電・専門店
8260,百貨店・総合スーパー
2435,医療・介護・福祉サービス
9505,資源・エネルギー・農林水産
9511,資源・エネルギー・農林水産
9506,資源・エネルギー・農林水産
8254,百貨店・総合スーパー
3681,ソフトウェア・SaaS
7815,住宅設備・家具・生活用品
9509,資源・エネルギー・農林水産
5202,ガラス・セラミックス・ゴム
9501,資源・エネルギー・農林水産
9504,資源・エネルギー・農林水産
3111,繊維・紙パルプ
8247,百貨店・総合スーパー
9444,SI・受託開発(中堅)
