コード,短信タイトル,短信PDF_URL,来期見通し(短信抜粋)
3600,2026年３月期　決算短信[日本基準]（連結）,https://finance-frontend-pc-dist.west.edge.storage-yahoo.jp/disclosure/20260514/20260513529464.pdf,今後の見通しにつきましては、今般の中東情勢の緊迫化による原油供給懸念と価格高騰が、わが国はもちろん、世界 を大きく揺るがしており、当社グループにおきましても、少なくとも原材料・資材価格などのさらなる上昇が懸念され るほか、アパレル・ファッション業界や手芸関連業界におきましても、物価全般の上昇による節約志向の浸透で、さら なる消費減退が懸念されるなど、需要予測を含めて先行きの見通しは極めて不透明です…
7034,2025年10月期  決算短信〔日本基準〕（連結）,https://finance-frontend-pc-dist.west.edge.storage-yahoo.jp/disclosure/20251215/20251215519793.pdf,"今後の見通し 国内のビジネスコンサルティング市場におけるニーズは引き続き高く、当社に対してもデジタル、人材育成、オペレーション領域での引き合いが強く、今後も堅調に伸びることが予想されることから、翌連結会計年度（2026年10月期）のコンサルティング事業の業績見通しにつきましては、売上高5,256百万円、営業損失493百万円、親会社株主に帰属する当期純損失521百万円と予想しております。 一方、ファ…"
5856,,,
9885,2026年3月期　決算短信［日本基準］（連結）,https://finance-frontend-pc-dist.west.edge.storage-yahoo.jp/disclosure/20260514/20260512526666.pdf,業績見通しにつきましては、売上高は135億円（前年同 期比4.4％増）、営業利益は1億40百万円、経常利益は1億80百万円、親会社株主に帰属する当期純利益は1億10百 万円を予想しております。 なお、上記の業績予想は本資料の発表日現在において入手可能な情報に基づき作成したものであり、実際の業 績は、今後様々な要因によって予想数値と異なる結果となる可能性があります。 （５）継続企業の前提に関する重要…
3189,2026年8月期第2四半期決算短信〔日本基準〕（連結）,https://finance-frontend-pc-dist.west.edge.storage-yahoo.jp/disclosure/20260414/20260414503780.pdf,業績見通し等の将来に関する記述は、当社が現在入手している情報及び合理的であると 判断する一定の前提に基づいており、その達成を当社として約束する趣旨のものではありません。また、実際の業 績等は様々な要因により大きく異なる可能性があります。業績予想の前提となる条件及び業績予想のご利用に当た っての注意事項等については、添付資料Ｐ.４「１.経営成績等の概況（４）連結業績予想などの将来予測情報に関 する説…
1897,2025年12月期 決算短信〔日本基準〕（連結）,https://finance-frontend-pc-dist.west.edge.storage-yahoo.jp/disclosure/20260206/20260205549246.pdf,今後の見通し 建設業界におきましては、公共投資、民間設備投資は前期並みに推移するものと予想されますが、依然として受注 競争の激化が予想されることに加え、建設資材価格の高止まりや慢性的な技術者・技能労働者不足等による建設コス トの上昇が懸念される等、引き続き厳しい状況が続くものと予想されます。 このような状況のもと、次期の業績につきましては、受注工事高115億円、売上高105億円、営業利益1億円、経…
7297,2026年３月期　決算短信［日本基準］（連結）,https://finance-frontend-pc-dist.west.edge.storage-yahoo.jp/disclosure/20260515/20260513531589.pdf,今後の見通し 今後の経済情勢につきましては、国内では雇用・所得環境の改善等により、景気は緩やかながらも回復基調で推移 することが期待されます。その一方で、不安定な国際情勢下、資源・エネルギー価格や原材料価格の高止まりや為替 変動リスクなど、依然として先行き不透明な状況が続くものと予想されます。 このような情勢下において当社グループは、かねてより課題と認識していた新製品・新サービスの市場導入強化、 …
2484,2025年８月期　決算短信〔日本基準〕（連結）,https://finance-frontend-pc-dist.west.edge.storage-yahoo.jp/disclosure/20251015/20251014572909.pdf,今後の見通し 2026年８月期の見通しにつきましては、引き続き「出前館事業」の拡大を通じて「デリバリーの日常化」を押 し進めてまいります。出前館のステークホルダーであるユーザー・加盟店・配達員、それぞれのデリバリー体験 が向上するためのプロダクトやサービスの改修に注力すると共に、費用の適正化を図って収益面の改善も進めて まいります。 こうした状況を踏まえ、2026年８月期の連結業績予想は、現時点で…
6513,2026年３月期 決算短信〔日本基準〕（連結）,https://finance-frontend-pc-dist.west.edge.storage-yahoo.jp/disclosure/20260512/20260511523571.pdf,今後の見通し 次期につきましては、中東情勢をはじめとする地政学リスクの高まり等による資源・エネルギーおよび原材料の更 なる価格高騰や供給制約の懸念、米国の通商政策の動向、中国経済の停滞等、引き続き不透明な状況が続くものと思 われます。 次年度の当社グループの通期業績予想につきましては、売上高280億円、損益は営業利益2億円、経常利益5億5千万 円、親会社株主に帰属する当期純利益は1億円を見込んでお…
6771,2026年３月期決算短信〔日本基準〕(連結),https://finance-frontend-pc-dist.west.edge.storage-yahoo.jp/disclosure/20260514/20260514533040.pdf,今後の見通しにつきましては、中東情勢をはじめとする地政学的リスクを注視する必要があるほか、金融資本市場 の変動や米国の通商政策をめぐる動向による影響等にも引き続き留意が必要な状況です。 当社グループを取り巻く事業環境としましては、中東情勢の緊迫化等の地政学的リスクに伴う原材料価格の高騰や 供給制限による調達への影響等が想定されます。また、客先の設備投資計画の一巡を背景に、当期は大型案件の計上 が限…
2055,2026年3月期　決算短信〔日本基準〕(連結),https://finance-frontend-pc-dist.west.edge.storage-yahoo.jp/disclosure/20260512/20260511523371.pdf,今後の見通しにつきましては、先行きの見えない外国為替相場に加え、不安定な国際情勢により引き続き厳しい 状況であります。このような状況のもとで、当社グループといたしましては、業績の向上を目指し、生産コスト削 減への注力や多様な人材確保及び育成、家畜疾病の予防に努めて参ります。 来期の業績は、売上高500億円、営業利益５億円、経常利益５億円、親会社株主に帰属する当期純利益３億円を見 込んでおります。 …
8617,2026年３月期　決算短信〔日本基準〕（非連結）,https://finance-frontend-pc-dist.west.edge.storage-yahoo.jp/disclosure/20260424/20260423509245.pdf,今後の見通し 国内景気の先行きについては、雇用・所得環境の改善や各種政策の効果が緩やかな回復を支えることが期待されま すが、中東情勢の影響を注視する必要があります。加えて、物価上昇の継続が消費者マインドの下振れ等を通じて個 人消費に及ぼす影響なども、我が国の景気を下押しするリスクがあります。 また、金融資本市場の変動の影響や米国の通商政策をめぐる動向などに注意する必要があり、経済環境が厳しい状 況…
6986,2026年３月期 決算短信〔日本基準〕（連結）,https://finance-frontend-pc-dist.west.edge.storage-yahoo.jp/disclosure/20260512/20260511523151.pdf,今後の見通しについては、緩やかな景気回復傾向が継続するものの、中東情勢の緊迫化をはじめとする地政学的リスクの高まりおよびそれに伴う各種コストの増加、米国の関税政策をめぐる動向など、企業を取り巻く事業環境は依然として先行き不透明な状況が続くものと考えられます。 なお、中東情勢の緊迫化による影響については、既に原油価格の上昇、石油関連製品の価格高騰や調達難など一部で影響が出始めており、一定の想定に基づ…
5956,2026年３月期　決算短信〔日本基準〕(連結),https://finance-frontend-pc-dist.west.edge.storage-yahoo.jp/disclosure/20260513/20260513527633.pdf,今後の見通しにつきましては、国内経済は雇用・所得環境の改善や各種政策等により引き続き緩やかな回復基調 にて推移すると見込まれるものの、米国の通商政策や不安定な国際情勢に伴う世界的な景気下振れや原材料・エネ ルギー価格の高騰、為替変動など、先行きは極めて不透明な状況が続くと想定されます。当社グループ事業に関連 の深い建設市場におきましても、新設住宅着工戸数の減少に加え、人手不足や資材価格上昇等の影響…
7399,2026年３月期決算短信〔日本基準〕(連結),https://finance-frontend-pc-dist.west.edge.storage-yahoo.jp/disclosure/20260508/20260507518920.pdf,次期の見通し 国際情勢の不安定化や金融政策の転換による先行き不透明感の中、物価上昇や需要の選別化が進み、今後とも収 益を圧迫する状況は続くと思われます。 このような厳しい経営環境下、生産および販売体制のさらなる効率化を進めるとともに、収益性を重視した製品 構成の見直しに取り組んでまいります。 また、持続的な成長軌道を確保するため、製造業としての原点に帰り、選択と集中による経営基盤の再構築に取 り組…
7427,2026年2月期決算短信〔日本基準〕（連結）,https://finance-frontend-pc-dist.west.edge.storage-yahoo.jp/disclosure/20260410/20260331593836.pdf,今後の見通し」をご覧ください。 エコートレーディング㈱（7427）2026年２月期 決算短信― 1 ― エコートレーディング㈱（7427）2026年２月期 決算短信― 2 ― エコートレーディング㈱（7427）2026年２月期 決算短信― 3 ― エコートレーディング㈱（7427）2026年２月期 決算短信― 4 ― エコートレーディング㈱（7427）2026年２月期 決算短信― 5 ― エコート…
6943,2026年３月期　決算短信〔日本基準〕（連結）,https://finance-frontend-pc-dist.west.edge.storage-yahoo.jp/disclosure/20260515/20260424510300.pdf,今後の見通し 次期の見通しにつきましては、各国での物価上昇の継続に加え、米国における関税をはじめとする通商政策が世 界経済に与える影響、ウクライナ情勢の長期化や中東情勢の緊迫化等の地政学リスク、中国の景気低迷の長期化懸 念など、世界経済の不確実性が高まると見込んでおります。 このような環境の中、当社グループは、2030年のありたい姿として制定したグループビジョン「私たちが笑顔と なり、お客様の困り…
5658,2026年3月期 決算短信〔日本基準〕（連結）,https://finance-frontend-pc-dist.west.edge.storage-yahoo.jp/disclosure/20260514/20260513530584.pdf,"業績見通しにつきましては、連結売上高35,000百万円、連結営業利益1,450百万円、連結経常利 益2,000百万円、親会社株主に帰属する当期純利益1,200百万円を見込んでおります。 （５）利益配分に関する基本方針及び当期・次期の配当 当社は、株主の皆様への利益還元を経営の重要課題と位置づけ、株主還元の一層の充実、資本効率の向上及び 機動的な資本政策の遂行等を図る観点から、自己株式取得を含めた総…"
2788,2025年12月期決算短信〔日本基準〕（連結）,https://finance-frontend-pc-dist.west.edge.storage-yahoo.jp/disclosure/20260213/20260213559118.pdf,今後の見通し 当社グループを取り巻く事業環境は、国際情勢不安の長期化や海外経済の減速、資源価格の高騰等、国内外の経済 環境は依然として先行き不透明な状況が続くものと思われます。 このような経済環境の中、引き続き東南アジアを中心に中古車輸出事業の販路拡大、当社と連結子会社であるアッ プルオートネットワーク株式会社の両社のシナジー効果を加速させ、グローバル化とDX化を目標に当社グループ全体 の企業価値…
8881,2026年３月期　決算短信〔日本基準〕（連結）,https://finance-frontend-pc-dist.west.edge.storage-yahoo.jp/disclosure/20260512/20260406599010.pdf,今後の見通し国内経済は引き続き回復基調のまま推移することが見込まれます。不動産業界・建設業界におきましても、堅調な需要が見込まれますが、地政学的リスクの長期化により、資材価格やエネルギー価格の高騰が常態化し、事業コストの上昇局面は続く見通しです。不動産事業においては、用地確保に要する時間や費用が事業計画の制約となり、また、金利動向による住宅需要の減退や金利負担増大が懸念されます。建設事業においては…
8917,令和７年10月期　決算短信〔日本基準〕（連結）,https://finance-frontend-pc-dist.west.edge.storage-yahoo.jp/disclosure/20251215/20251215520126.pdf,今後の見通しにつきましては、土地価格や建築資材価格等が高止まりし、金利も上昇傾向にある中、住宅の購入 には慎重な姿勢が続いており、中低価格の戸建市場の回復はまだ時間を要するものと予想されます。 このような環境の中、当社グループでは、前連結会計年度末に株式会社ＫＨＣとその子会社（以下、「ＫＨＣグ ループ」）が新たに当社グループに加わり、引き続き企業理念「１．住宅作りにおいて社会へ貢献する。２．より …
5900,2026年２月期 決算短信〔日本基準〕（連結）,https://finance-frontend-pc-dist.west.edge.storage-yahoo.jp/disclosure/20260410/20260410501755.pdf,今後の見通し 次期以降の経営環境につきましては、中東情勢などの地政学的リスクの高まりや人手不足と人件費の上昇から、 物価、物流費などの高止まりが続く中、円安傾向の為替相場や金利の上昇などの影響も相まって、引き続き調達コ ストにおいて厳しい環境が見込まれます。 一方で、継続的な賃上げや雇用環境の改善により、個人消費は持ち直しの動きとなり、人手不足への対応やデジ タル化に向けた設備投資も底堅い動きとな…
7879,2025年11月期 決算短信〔日本基準〕（連結）,https://finance-frontend-pc-dist.west.edge.storage-yahoo.jp/disclosure/20260115/20260115534422.pdf,"業績見通しは次のとおりです。 次期の連結業績見通し （2026年11月期） 当連結会計年度の 通期連結業績 （2025年11月期） 増減額 増減率 65,000 百万円 64,686 百万円 ＋313 百万円 ＋0.5％ 600 500 200 △47 △29 △829 ＋647 ＋529 ＋1,029 ― ― ― 売上高 営業利益 経常利益 親会社株主に帰属 する当期純利益 （５）利益配分に関す…"
5921,2025年9月期　決算短信〔日本基準〕(非連結),https://finance-frontend-pc-dist.west.edge.storage-yahoo.jp/disclosure/20251114/20251114502533.pdf,今後の見通しにつきましては、価格転嫁の進展、インバウンド消費、人手不足等を背景とした旺盛な設備投資が 続くことが予想され、民間消費が下支えとなり、我が国経済の全体の景況感は緩やかに持ち直すことが期待されま す。 しかしながら、米国の相互関税政策の影響の顕在化、原材料価格の上昇、人手不足による企業活動への影響等に よる景気の下押し圧力は根強く、影響を受ける業界においては厳しい経営環境となることが予想…
6222,2026年３月期　決算短信[日本基準]（連結）,https://finance-frontend-pc-dist.west.edge.storage-yahoo.jp/disclosure/20260508/20260508519660.pdf,今後の見通し 今後の世界経済見通しにつきましては、緩やかな景気回復傾向にあるものの、中東情勢の緊迫化による地政学リスク の高まりなど先行きは不透明な状況が継続すると思われます。中東情勢の緊張が長期化した場合には、原材料費、エネ ルギー価格、輸送費などの高騰によるコスト増が想定され、原材料の供給不足による生産面への影響や顧客の生産調整、 市場の停滞による受注減といったリスクが生じる可能性があります。…
5753,2026年３月期 決算短信〔日本基準〕（非連結）,https://finance-frontend-pc-dist.west.edge.storage-yahoo.jp/disclosure/20260513/20260511522406.pdf,今後の見通しといたしましては、兄弟会社であるサンエツ金属株式会社及び三谷伸銅株式会社とのシナジーを追 求し、競争力と企業価値の向上に努めて参ります。 当社は、その業績が主要原材料である電気銅や電気亜鉛の相場価格に大きな影響を受けますので、次期の業績予 想は、電気銅や電気亜鉛の相場価格が一定であることを前提とした金額としております。前提よりも相場価格が上 昇した場合は、販売数量が計画通りであっても売…
5962,2026年3月期 決算短信〔日本基準〕（非連結）,https://finance-frontend-pc-dist.west.edge.storage-yahoo.jp/disclosure/20260513/20260416505165.pdf,今後の見通しにつきましては、引き続きインバウンド需要や雇用・所得環境の改善により、景気は緩やかながらも 回復基調が続くことが期待されるものの、原材料やエネルギー価格の高止まりによる仕入価格の上昇や為替変動の 他、地政学的リスクの長期化や国際情勢の不安定化等、見通しは依然として不透明な状況が続くものと見込まれま す。 このような環境下において、除雪関連用品については降雪の影響により、市場の流通在庫は…
8013,2026年1月期　決算短信〔日本基準〕(連結),https://finance-frontend-pc-dist.west.edge.storage-yahoo.jp/disclosure/20260313/20260306577666.pdf,今後の見通しにつきましては、雇用・所得環境の改善が期待される一方で、物価上昇の継続、為替 変動、海外経済の不確実性に加え、中東情勢の動向によるエネルギー価格や物流コストへの影響な どが懸念される状況にあります。こうした環境の下、消費者の節約志向が継続する中、需要動向に は力強さを欠く局面が見られました。当社グループといたしましては、こうした事業環境の変化に 柔軟に対応しながら着実な成長を目指してま…
8746,2026年３月期 決算短信〔日本基準〕（連結）,https://finance-frontend-pc-dist.west.edge.storage-yahoo.jp/disclosure/20260515/20260515538584.pdf,今後の見通し 当社グループの業績は、金融市場の動向に大きな影響を受け、適正な業績予想を行うことが非常に難しいことか ら、連結業績予想の開示は控えさせていただいております。 ２．会計基準の選択に関する基本的な考え方 当社グループは、国際的な事業展開や資金調達を行っておりませんので、日本基準に基づき連結財務諸表を作成 しております。 - 3 - unbanked株式会社(8746) 2026年３月期 …
6390,2026年３月期決算短信〔日本基準〕(連結),https://finance-frontend-pc-dist.west.edge.storage-yahoo.jp/disclosure/20260514/20260513530876.pdf,今後の見通し 当社では2026年３月期を初年度とする３ヵ年の中期経営計画を策定し、2025年３月27日に公表いたしました。同 計画では『飛躍、そして次の時代へ』をメインテーマに「企業価値の向上」「成長戦略の推進と有効投資」「収益 性の更なる向上」「サステナビリティ経営の実践」を基本方針に掲げ、外部要因に左右されにくい強固な経営基盤 づくりと成長戦略に沿った施策を推進してまいります。 中期経営計画の…
8040,2025年12月期 決算短信〔日本基準〕(連結),https://finance-frontend-pc-dist.west.edge.storage-yahoo.jp/disclosure/20260213/20260212557918.pdf,今後の見通しにつきましては、雇用・所得の改善が進む中、景気は緩やかに回復していくことが期待されます。一 方で、原材料やエネルギー価格の上昇、物価や人件費の上昇によるコスト面での影響に加え、衣料品に対する消費者 の節約志向や低価格志向が想定されるなど、先行き不透明な状況が続くことが想定されます。 このような状況の中で当社グループは、2027年を最終年度とする中期経営計画において、フォーマル、ライフス…
8138,2026年３月期　決算短信〔日本基準〕（連結）,https://finance-frontend-pc-dist.west.edge.storage-yahoo.jp/disclosure/20260513/20260513529027.pdf,今後の見通し わが国経済は、賃上げの継続や政府の経済政策、さらに高い水準である家計貯蓄などが内需を下支えし、個人消 費や設備投資の改善など緩やかな回復基調が継続する見通しですが、他方で、海外経済の動向や通商政策の不確実 性、原油価格の変動、金利上昇など下振れリスクも依然として存在し、特に、米国の関税政策や地政学リスクは外 需の不透明感を高める要因となっております。 このような状況のなか、当社グルー…
6249,2026年３月期　決算短信[日本基準]（連結）,https://finance-frontend-pc-dist.west.edge.storage-yahoo.jp/disclosure/20260514/20260514532037.pdf,今後の見通し 次連結会計年度の我が国経済は、引き続き雇用・所得環境の改善、DX投資などを中心とした堅調な設備投資等を 背景に、緩やかな回復が続くことが期待されている一方で、中東情勢の長期化等の地政学リスクの高まりによる原 材料の高騰、米国の関税政策の動向による各国経済への影響など、世界経済の先行きは不透明な状況が続くものと 想定しております。 遊技業界においては、パチンコホール数の減少傾向が緩やか…
4102,2026年３月期　決算短信〔日本基準〕（連結）,https://finance-frontend-pc-dist.west.edge.storage-yahoo.jp/disclosure/20260514/20260514531982.pdf,"今後の見通しにつきましては、雇用・所得環境の改善により、景気は緩やかに回復局面が続くと思われます。その 一方で、米国の通商政策の影響は緩和されるものの、イラン情勢の影響による原油価格高騰の長期化が懸念され、景 気の先行きは不透明な状況が続くものと思われます。それらを踏まえ、2027年３月期連結業績見通しは売上高13,000 百万円、営業利益100百万円、経常利益250百万円、親会社株主に帰属する当…"
7902,2026年３月期 決算短信〔日本基準〕（非連結）,https://finance-frontend-pc-dist.west.edge.storage-yahoo.jp/disclosure/20260515/20260512525974.pdf,今後の見通しにつきましては、景気回復が期待される一方、資源価格や原材料価格の高騰に加え、米国の貿易政 策や中国経済の停滞、地政学リスク等、引き続き不透明な状況が続くことが予想されます。 当社の主要顧客である電子部品・デバイス業界においては、ＡＩサーバーやデータセンター向けの部品やスマー トフォンなどの情報通信関連向けの部品の需要が引き続き堅調に推移することが予想されますが、車載向けや産業 機器向け…
3787,2026年３月期 決算短信〔日本基準〕（非連結）,https://finance-frontend-pc-dist.west.edge.storage-yahoo.jp/disclosure/20260514/20260507518489.pdf,今後の見通し 2027年３月期の見通しにつきましては、情勢改善見込み（ロシアによるウクライナ侵攻や中東紛争の収束）はあるも のの、米国のトランプ大統領による相互関税に代わる新たな関税政策の内容・進展次第では世界経済が減速・低迷しイ ンフレ圧力も受けるという状態に陥ることも危惧されています。我が国においては、インバウンド需要は堅調が見込ま れるものの、トランプ関税による輸出低迷や実質可処分所得の改善…
6155,2026年３月期決算短信〔日本基準〕(連結),https://finance-frontend-pc-dist.west.edge.storage-yahoo.jp/disclosure/20260508/20260507518366.pdf,今後の見通し 日本経済の先行きについては、雇用・所得環境の改善により個人消費が緩やかに増加し、人手不足への対応や成長 分野への投資を背景として企業の設備投資も底堅く推移することから、内需を中心に回復基調が続くものと見込まれ ます。一方で、米国の通商政策をはじめとする海外経済の動向や、中東情勢等の地政学的リスクに伴う資源価格の変 動、金融資本市場の影響などについては不透明感が残っています。 当社グル…
6049,2025年10月期 決算短信〔日本基準〕（非連結）,https://finance-frontend-pc-dist.west.edge.storage-yahoo.jp/disclosure/20251212/20251211518176.pdf,"今後の見通し 当社は、2026年10月期において広告単価の高騰が継続していることより、投資効率を最適化し安定した利益確 保を目指す方針でおります。それに伴い、売上高についてはレンジ形式による業績予想開示を継続してまいりま す。また、「コドモブースター」においては効率的な広告運用及び新商品の販売等による営業利益拡大を目指し てまいります。 以上により、2026年10月期につきましては 、売上高3,0…"
8144,2026年３月期 決算短信〔日本基準〕（連結）,https://finance-frontend-pc-dist.west.edge.storage-yahoo.jp/disclosure/20260515/20260514534964.pdf,"今後の見通し 国内経済は、持続的な賃上げと内需の底堅さに支えられ、プラス成長が続くと予想される一方で、軍事衝突や資 源供給の混乱が長期化する可能性もあり、中東情勢の動向とそれに伴う資源価格・物流の変化が今後の景気に与え る影響が懸念される状況となっております。 こうしたなかで、当社グループは３カ年の中期経営計画（2024年度～2026年度）の最終年度を迎えます。 同計画における、「『売上1,000…"
8891,2026年３月期　決算短信〔日本基準〕（連結）,https://finance-frontend-pc-dist.west.edge.storage-yahoo.jp/disclosure/20260514/20260513528100.pdf,今後の見通し 中東情勢の悪化に伴う原油価格動向及び建築資商材の価格高騰と供給状況の不透明感が高まっており、現時点に おいて2027年３月期の連結業績予想を合理的に見通すことが困難な状況にあります。 当社におきましては、2027年３月期の連結業績予想を算定するにあたり、中東情勢の悪化が長期化し、建築資商 材の価格高騰による利益率の低下、及び第３四半期以降に建築資商材の調達に大きな影響が生じた場合を想…
5280,2026年３月期決算短信〔日本基準〕(連結),https://finance-frontend-pc-dist.west.edge.storage-yahoo.jp/disclosure/20260430/20260428513857.pdf,今後の見通し） 今後の経営環境につきましては、ウクライナ情勢や中東情勢の影響、中国経済の成長の鈍化、および米国の政 策の動向などもあり、景気の先行きは不透明な状況が続くと思われます。 このような状況下、当社グループは、地元密着型の不動産仕入れと、実需ニーズに基づいた不動産企画を徹底 し、販売用不動産の回転率を高めることで対応してまいります。加えて、社員が広い視野、高い視点、深い考察 を持ち、ハイレ…
6964,2026年３月期 決算短信〔日本基準〕（連結）,https://finance-frontend-pc-dist.west.edge.storage-yahoo.jp/disclosure/20260515/20260507517862.pdf,今後の見通し 主力の自動車産業は、アメリカ大統領の関税政策やＥＶ補助金の中止により、国内自動車メーカーは大きな方針転 換を強いられています。中国自動車メーカーの伸長、中東情勢も先行きが見通せず厳しい事業環境となっておりま す。 従いまして2027年３月期の連結業績予想につきましては、現段階での業績の予想は困難でありますが、自動車生産 台数は減速すると予測し、売上利益ともに保守的に見込んでおります。…
5909,2026年3月期　決算短信〔日本基準〕（連結）,https://finance-frontend-pc-dist.west.edge.storage-yahoo.jp/disclosure/20260512/20260512524436.pdf,今後の見通し 今後のわが国経済は、雇用・所得環境の改善が期待されるなど 、緩やかな回復基調が続くことが考えられます。 一方で、中東情勢の緊迫化によるエネルギー価格の上昇や石油由来原材料の価格上昇及び部材調達難 、為替影響に よる物価上昇などがもたらす経済活動や国民生活への影響は今後も継続することが予想されるほか 、各国の通商政 策などによる影響が景気を下押しするリスクとなることも想定されます。 住…
6257,2026年3月期　決算短信〔日本基準〕（連結）,https://finance-frontend-pc-dist.west.edge.storage-yahoo.jp/disclosure/20260512/20260511523718.pdf,今後の見通しにつきましては、中東をはじめとした世界情勢の動向による原材料価格の上昇や供給面での制約な ど下振れリスクに注意が必要な状況でありますが、政府主導の対策による実質所得の改善やＡＩの活用など技術革 新の進展により、緩やかな景気回復が続くと見込まれます。 遊技機業界においては、大手法人による寡占化とともに店舗数・総設置台数の減少は緩やかに進むと予測される ものの、業界団体が主導する遊技の啓蒙…
5923,2026年3月期決算短信〔日本基準〕（非連結）,https://finance-frontend-pc-dist.west.edge.storage-yahoo.jp/disclosure/20260515/20260423508704.pdf,今後の見通し 【中期経営計画2024の進捗】 ＜総括＞ 橋梁事業における新設鋼橋の事業環境が低迷を続けており、策定時の予想と大きく乖離したことで、2024年５月10 日に開示した「中期経営計画2024」の数値目標につきましては、本日修正目標を開示しております。また同時に、い かなる経営環境であろうとも、持続的に成長可能な企業へと進化するために、次の10年に向けて会社のありたい姿を 示す長期ビジョン…
3396,2026年2月期 決算短信〔日本基準〕(連結),https://finance-frontend-pc-dist.west.edge.storage-yahoo.jp/disclosure/20260407/20260407599181.pdf,今後の見通し 2027年２月期につきましては、前期に確立した収益基盤を土台に、「増収増益の常態化」を実現する極めて重要な 実行年と位置づけ、「定期便事業の抜本的強化」と「次世代事業の創造」を両輪として成長軌道を牽引することを目 指します。 主力の定期便事業では、合理性や効率性が重視される現代社会に対して、コストパフォーマンスや利便性のみを訴 求する事業とは一線を画した共感主導型マーケティングを徹底…
8904,2025年8月期 決算短信〔日本基準〕（連結）,https://finance-frontend-pc-dist.west.edge.storage-yahoo.jp/disclosure/20251014/20251009571056.pdf,業績見通しにつきましては 、売上高 は720億円（前年同期比 3.9％増）、営業利益は19億円（前年同期比44.6％増）、経常利益は16億円（前年同期比39.6％増）、親会社株主に 帰属する当期純利益は12億円（前年同期比87.7％増）を見込んでおります。 (5）利益配分に関する基本方針及び当期・次期の配当 当社は、中長期的な企業価値最大化によって株主に帰属する利益を増大させ、持続的な株主価値向上…
8165,2025年12月期 決算短信〔日本基準〕（連結）,https://finance-frontend-pc-dist.west.edge.storage-yahoo.jp/disclosure/20260213/20260213561513.pdf,今後の見通し （連結） (単位：百万円) 2026年度の見通しにつきましては、再生計画（2025年～2027年）の２年目として、当連結会計年度に構築した事業 基盤を活かし、確実な成果創出を図る年と位置付けております。売上高につきましては、通信販売事業の抜本改革に 伴う各施策の本格的な効果発現時期を慎重に見極めた結果、再生計画２年目の数値目標460億円から450億円へ見直し ます。営業利益につきまし…
8772,2026年３月期　決算短信〔日本基準〕(連結),https://finance-frontend-pc-dist.west.edge.storage-yahoo.jp/disclosure/20260513/20260513530538.pdf,今後の見通し （不動産担保ローン事業） 主要事業の不動産担保ローン事業においては、従来通り「債権の健全性」を重視しつつ、企業の認知度及び 商品の有用性の積極的なプロモーション活動を行い、集客力を高めることによって、良質な貸付債権の積み上 げを行えるものと見込んでおります。 （信用保証事業） 信用保証事業においては、残高は堅調に推移しており、次期においても一定の成果を見込んでおりますが、 連結業績に…
7851,令和８年３月期 決算短信〔日本基準〕（非連結）,https://finance-frontend-pc-dist.west.edge.storage-yahoo.jp/disclosure/20260514/20260514533919.pdf,今後の見通し 先行き不透明な中東情勢の緊迫化を受け、今後も原材料等を含めたあらゆるものが高騰するものと予想されま す。当社に限らず、お客様にもその影響があるものと考えており、今後の受注状況にも影響するものと予想してお ります。 このような状況のなか当社におきましては、引き続き地方自治体や外郭団体などへの営業活動の強化、新規案件 の取り込み、お客様への価格改定活動を行ってまいります。 現時点における…
4234,2026年3月期 決算短信〔日本基準〕（連結）,https://finance-frontend-pc-dist.west.edge.storage-yahoo.jp/disclosure/20260515/20260427511216.pdf,業績見通しにつきましては、売上高 306億円（前年同期比 0.8％増）、営業利益９億 40百万円（前年同期比 12.3％増）、経常利益11億円（前年同期比 7.7％増）、親会社株主に帰属する当期純利益６億50百万円（前年同期比32.1％減）を予想しております。 ２．会計基準の選択に関する基本的な考え方 当社グループの利害関係者 の多くは、国内の株主、債権者、取引先等であり、海外からの資金調達の必要…
3261,2025年12月期 決算短信〔日本基準〕（連結）,https://finance-frontend-pc-dist.west.edge.storage-yahoo.jp/disclosure/20260210/20260209552069.pdf,今後の見通し 当社グループを取り巻く経営環境は、建築資材価格および人件費の上昇が継続する中、住宅販売価格は高止まり の状況が続いております。また、消費者物価の上昇や金利上昇の影響により、実需を中心とした住宅需要は低調に 推移しております。一方で、企業間競争については過度な競争局面を概ね脱しつつあり、地方では建売住宅事業か ら撤退する小規模事業者も見受けられるなど、市場環境は転換期を迎えております。…
9767,2026年３月期 決算短信〔日本基準〕（連結）,https://finance-frontend-pc-dist.west.edge.storage-yahoo.jp/disclosure/20260515/20260514535603.pdf,今後の見通し 物価の上昇やアメリカの政策動向さらに地政学的緊張の増大による原材料の調達難および価格高騰の影響等に十 分注意する必要があり、先行き不透明な状況にありますが、公共投資は底堅く推移するものと予想されます。業界 を取り巻く環境は厳しさを増していくものの、気候変動や地震及び火山による自然災害の激甚化・頻発化に直面す るなかで、当社グループの主たる業務である港湾、漁港、海岸、河川、砂防分野にお…
5408,2026年３月期 決算短信〔日本基準〕(連結),https://finance-frontend-pc-dist.west.edge.storage-yahoo.jp/disclosure/20260508/20260508519307.pdf,今後の見通しにつきましては、国内鉄鋼需要の低迷に加え、中国経済の減速に伴う供給過剰を背景とした低価格 製品との競合や、足元で急騰している鉄スクラップ価格や各種資材コストに加え、中東情勢の影響によるエネルギ ー価格の高騰なども懸念され、厳しい経営環境が続くものと想定されます。鋼材販売価格への転嫁や新設した関東 中継地の活用等により販売価格・販売数量ともに改善を見込む一方で、主原料価格の高騰や高止まり…
5928,2026年3月期 決算短信[日本基準]（非連結）,https://finance-frontend-pc-dist.west.edge.storage-yahoo.jp/disclosure/20260515/20260514534901.pdf,今後の見通し 次期におきましては、新設住宅着工戸数の伸び悩み、原材料価格をはじめとする仕入価格等の高止まりが続くものと 見込まれますが、営業強化による新設住宅用建材の受注堅持、リフォーム建材の受注拡大、新規取引先の獲得や新製品 の更なる開発に注力してまいります。また、前年に引続き生産性の改善、業務の合理化、製品価格の見直し・交渉など 収益構造の改革に全社にて取組んでまいります。これらに加えて、収益…
7442,2026年３月期 決算短信〔日本基準〕（連結）,https://finance-frontend-pc-dist.west.edge.storage-yahoo.jp/disclosure/20260508/20260508520508.pdf,今後の見通しにつきましては、中東情勢の悪化やウクライナ侵攻の長期化などを背景とした地政学上のリスクの 影響や米国の通商政策の動向などの不安定要素があり、海外経済の先行きの不確実性は高まると見込まれます。ま た、国内経済につきましても、食料品・生活用品の継続的な値上げに伴う消費者の生活防衛意識の高まり等の影響 を受けて、先行き不透明な経営環境が継続することが想定されます。さらに、取引先が属する業界の…
2388,令和７年９月期 決算短信〔日本基準〕(連結),https://finance-frontend-pc-dist.west.edge.storage-yahoo.jp/disclosure/20251114/20251114503684.pdf,今後の見通し 今後の世界経済は、アメリカによる関税措置の影響や、ロシア・ウクライナ紛争も継続しており、インフレーシ ョンに影響を与えうる可能性があり、先行き不透明な状況で推移すると予測しております。我が国経済のみならず 世界経済への長期的な影響が懸念されております。この影響に関しては、当社グループが事業を行っております各 国政府の方針、事業別の環境等により異なります。そのため、それぞれのセグメント…
4624,2026年3月期 決算短信〔日本基準〕（連結）,https://finance-frontend-pc-dist.west.edge.storage-yahoo.jp/disclosure/20260511/20260423509011.pdf,今後の見通し 今後の経済の見通しにつきましては 、2026年3月からの買い込み需要の反動が懸念され、中東情勢による原油等 の供給不安をはじめ、ウクライナ情勢の長期化や原油価格をはじめとするエネルギー価格の動向、物流・運送業界 をとりまく2024年問題の更なる顕在化、通商政策など米国の政策動向がわが国経済に与える影響が見通せず、先行 きは極めて不透明な状況であります。 当社グループを取り巻く状況も、…
7219,2025年8月期決算短信〔日本基準〕（連結）,https://finance-frontend-pc-dist.west.edge.storage-yahoo.jp/disclosure/20251010/20251010571380.pdf,今後の見通しといたしましては、海外向けの最大市場である米国の関税政策を含む通商・経済政策の不透明さ をはじめ、中国経済の失速リスクや各国の通商政策にともなう貿易摩擦、コストプッシュインフレへの懸念等、 当社マーケットをとりまく不確実性はますます高まっております。加えて、長期化する円安が原材料価格やエネ ルギー価格等に与える影響や、売り手市場が続く労働市場における賃金上昇圧力等も当社の損益に影響を与…
7857,2026年３月期決算短信〔日本基準〕(連結),https://finance-frontend-pc-dist.west.edge.storage-yahoo.jp/disclosure/20260514/20260513530346.pdf,今後の見通し 印刷需要が減少傾向にある中、当社グループの事業環境は一層厳しさを増しております。こうした状況下、引き 続き顧客ニーズに沿った既存の事業分野に捉われない幅広い提案営業活動を強化し、経営のより一層の合理化・効 率化を進めております。また、当社はＳＤＧｓならびに環境経営に関する基本方針及び数値目標をホームページ （https://www.seki.co.jp/csr/）に掲載しております。…
6467,2026年３月期　決算短信〔日本基準〕（連結）,https://finance-frontend-pc-dist.west.edge.storage-yahoo.jp/disclosure/20260501/20260429514084.pdf,今後の見通し 当社グループの主要顧客業界である日系自動車産業では、中東情勢の悪化による部品・素材コストの上昇などに より生産体制の見直しや在庫調整の動きが継続することが予想され、さらに、エネルギー価格をはじめとする各種 コストや資材価格の上昇が見込まれるほか、レアメタル等の重要鉱物の調達難も想定されており、先行きは依然と して不透明な状況が続いております。 また、自動車産業の電動化シフトは一時的に…
7266,2026年3月期 決算短信〔日本基準〕（連結）,https://finance-frontend-pc-dist.west.edge.storage-yahoo.jp/disclosure/20260515/20260420507001.pdf,今後の見通し 今後の当社グループを取り巻く事業環境については、中東情勢に起因するエネルギー・資源価格の高騰、米国にお ける通商政策の動向、為替相場の不安定な推移等により、先行きは依然として不透明な状況が続くものと予想されま す。 このような経営環境の中で、当社は中期会社目標で掲げる９つの重点施策を「倍速の経営スピード」で実行し、安 定した収益基盤を確立するべく邁進しております。 引き続き競争力強化…
9914,2026年３月期　決算短信〔日本基準〕（非連結）,https://finance-frontend-pc-dist.west.edge.storage-yahoo.jp/disclosure/20260430/20260430514427.pdf,今後の見通しにつきましては、原油高が企業収益や物流費、家計負担を下押しし、政策金利の引き上げや長期金 利の上昇も設備投資の重荷になると予想されます。一方で、政府の成長投資や継続的な賃上げ、雇用環境の改善に より、家計の実質購買力を支えることが出来れば、景気は底堅さを保つ見込みとなります。ただし、急激な円安進 行や株価の下落、中東情勢や日中関係の不安定化が強まれば、景況感は下振れする可能性が高く、今…
8995,2026年３月期　決算短信[日本基準]（連結）,https://finance-frontend-pc-dist.west.edge.storage-yahoo.jp/disclosure/20260514/20260508519222.pdf,"今後の見通しにつきましては、次のとおり予定しております。 当連結会計年度 自2025年４月１日 至2026年３月31日 2027年３月期予想 自2026年４月１日 至2027年３月31日 前期比 増減額 前期比 増減率 売 上 高 3,130百万円 3,535百万円 405百万円 12.9％ 営業利益 41百万円 115百万円 74百万円 180.5％ 経常利益 37百万円 105百万円 68百万…"
1994,2025年12月期決算短信〔日本基準〕(連結),https://finance-frontend-pc-dist.west.edge.storage-yahoo.jp/disclosure/20260210/20260209552482.pdf,次期の見通しにつきましては、売上高は82億42百万円（前連結会計年度比12.3%増）、営業利益2億18百万円（前 連結会計年度比93.5%増）、経常利益2億68百万円（前連結会計年度比43.6%増）、親会社株主に帰属する当期純利益 1億66百万円（前連結会計年度比12.9%減）を見込んでおります。一方、2026年は関東の市況が回復することが見え ており、業績も回復してゆくと考えています。 高橋カー…
9162,2025年6月期 決算短信〔日本基準〕（連結）,https://finance-frontend-pc-dist.west.edge.storage-yahoo.jp/disclosure/20250814/20250814542052.pdf,今後の見通し 当社グループは、新規商材・新規ジャンルの開拓に加えて、商品企画等の上流コンサルティング領域への注力、 新たな広告媒体の開拓、マーケティング手法の拡大などにより、商材ポートフォリオを拡大し、当社グループの収 益の柱となるコア商材を増やしていくことで継続的な業績拡大を図ってまいります。また、株式会社オーラムテッ クによる支援領域の拡大により、事業ポートフォリオの拡大を進めてまいります。特…
8046,2026年3月期 決算短信〔日本基準〕(連結),https://finance-frontend-pc-dist.west.edge.storage-yahoo.jp/disclosure/20260514/20260511521442.pdf,今後の見通し 建設業界を取り巻く環境は、都市部の再開発プロジェクトや鉄道関連、エネルギー関連施設及び倉庫・工場案件の 需要や、政府主導の第１次国土強靭化実施中期計画、インフラ長寿命化計画等の下支えが期待され、中長期的に底堅 い建設需要の推移が見込まれます。一方で、エネルギー価格や原材料価格の高止まりによるインフレ圧力の持続、資 機材および労務費の高騰など建設コストの上昇が想定されます。加えて、建設…
8147,2026年3月期決算短信〔日本基準〕（連結）,https://finance-frontend-pc-dist.west.edge.storage-yahoo.jp/disclosure/20260515/20260515537066.pdf,今後の見通し 当社グループを 取り巻く事業環境 は、景気は緩やかな回復基調にあるものの 、米国の通商政策 の動向、中東情 勢、為替変動、原材料・原油価格の高騰及び中国経済の減速など、依然として不透明な状況が続くものと予想して おります。 このような環境の下、当社グループは、「フェアプレイで 世界のものづくりに 貢献する」という企業理念の下、 「技術に強い専門商社」を目指し顧客満足度を追求することで…
7624,令和8年2月期決算短信〔日本基準〕（連結）,https://finance-frontend-pc-dist.west.edge.storage-yahoo.jp/disclosure/20260326/20260322585990.pdf,今後の見通しについては、物価高・人手不足に加え、アメリカ政府の政策動向や中東情勢の緊張に伴う原油価格 の変動等の要因により、先行き不透明な状況で推移するものと予想しております。 このような認識のもと、当社は新中期経営計画の初年度として令和９年２月期の売上高は450億円、営業利益４ 億円、経常利益４億30百万円、親会社株主に帰属する当期純利益２億70百万円を見込んでおります。 なお、新中期経営計画の…
8119,2026年3月期 決算短信[日本基準]（連結）,https://finance-frontend-pc-dist.west.edge.storage-yahoo.jp/disclosure/20260514/20260513531514.pdf,次期の見通し わが国の今後の経済見通しは、[内外環境]にも記載したとおり様々なリスク要因が前期より続いており、特に緊 迫した中東情勢による原油高が、先行きに対する一層の不透明感を引き起こしています。 こうした状況下、当社グループは創業80周年となる2026年を初年度とする中期経営計画『SANYEI NEXT 2028』 を策定し、外部環境に左右されにくい、持続的かつ着実な成長戦略を進めて参ります。…
4341,2026年３月期 決算短信〔日本基準〕（連結）,https://finance-frontend-pc-dist.west.edge.storage-yahoo.jp/disclosure/20260514/20260513530743.pdf,業績見通しは、当社が現時点において合理的と判断する一定の前提に基づいており、実際の業績は見通しと異なることがあることをお含みおき願います。（5）利益配分に関する基本方針及び当期・次期の配当 当社は、株主の皆様に対する利益還元を経営の最重要政策の一つと考えており、会社の競争力を維持・強化して株主資本の拡充と同利益率の向上を図るとともに、配当水準の向上と安定化に努める方針です。 剰余金の配当につきまし…
7229,2026年３月期 決算短信〔ＩＦＲＳ〕(連結),https://finance-frontend-pc-dist.west.edge.storage-yahoo.jp/disclosure/20260512/20260511523445.pdf,今後の見通し 2026年３月11日付で公表した『マザーサン グローバル インベストメンツ ビーブイ（Motherson Global Investments B.V.）による当社株式に対する公開買付けの結果に関するお知らせ』に記載のとおり、公開買付者 による本公開買付け及びその後の一連の手続に従って、当社株式は上場廃止となる予定であることから2027年３ 月期の連結業績予想は記載しておりません。 …
7538,2026年３月期　決算短信〔日本基準〕（連結）,https://finance-frontend-pc-dist.west.edge.storage-yahoo.jp/disclosure/20260512/20260426510952.pdf,"今後の見通しにつきましては、中東情勢や為替の変動により、資材価格や物流費の上昇が懸念されます。こうしたコスト上昇に加え、海外での水産物需要の高まりや海水温の上昇等による漁獲量の減少を背景に、水産物価格は上昇が続くものと考えられます。消費者の節約志向も依然として根強く、厳しい事業環境が続くものと見込まれます。このような状況下、2027年３月期の連結業績見通しは、売上高1,060億円、営業利益８億円、…"
9929,2026年３月期 決算短信〔日本基準〕（連結）,https://finance-frontend-pc-dist.west.edge.storage-yahoo.jp/disclosure/20260513/20260512526382.pdf,今後の見通し アメリカの通商政策の動向や中東情勢の緊迫化等の地政学的リスクの継続、金利および為替相場の変動、原材料 価格の高騰による物価上昇等により、経済活動への懸念は今後も続いていくものと思われます。また、紙・板紙の 国内需要予測では、印刷・情報用紙分野での構造的な需要減少による全体の需要減少は継続が予想されておりま す。 このような中で当社グループは、2026年度事業の方針を「日々確実な成長を…
7877,2026年３月期　決算短信〔日本基準〕(連結),https://finance-frontend-pc-dist.west.edge.storage-yahoo.jp/disclosure/20260513/20260512526860.pdf,今後の見通しにつきましては、米国のトランプ関税による景況感の下押し、中東情勢の不安定化によるエネルギ ー価格の急騰、物価上昇や不安定な為替動向など不透明な状況が続くものと予想されます。 このような経済環境のなか、エネルギー価格の急騰や急激な為替相場の変動による影響は、当社グループの経営 環境や業績にも影響をもたらすことが懸念されます。 以上の状況を踏まえ、2027年３月期の連結業績見通しについては…
9872,2025年11月期決算短信〔日本基準〕（非連結）,https://finance-frontend-pc-dist.west.edge.storage-yahoo.jp/disclosure/20251226/20251226527554.pdf,今後の見通しにつきましては、景気は緩やかな回復基調で推移すると見込まれる一方、資源・原材料価格高騰 に伴う物価上昇、為替・金利の変動、海外経済の不透明感など、事業環境は引き続き変動要因が多い状況が続く 見込みです。住宅関連業界におきましては、建築基準法・省エネ基準の改正の影響による反動減が一巡し、着工 戸数の持ち直しが期待されるものの、住宅取得マインドは全体として低下傾向にあり、地域による差異も見…
6262,2026年３月期　決算短信〔日本基準〕（連結）,https://finance-frontend-pc-dist.west.edge.storage-yahoo.jp/disclosure/20260513/20260513529370.pdf,今後の見通しは不透明な状況ではありますが、当社企業グループは、顧客課題解決に向けた商品開 発及び技術向上を図るとともに、グローバルな生産供給体制の強化を通じて安定的かつ柔軟な事業運営基盤の構 築に取り組んでまいります。また、収益力の強化や資本効率の改善を通じて、企業価値の向上に引き続き努めて まいります。 アパレルマシナリー事業につきましては、縫製工場における熟練工の確保が難しくなるなか、自動化や…
4839,2026年３月期決算短信〔日本基準〕（連結）,https://finance-frontend-pc-dist.west.edge.storage-yahoo.jp/disclosure/20260515/20260515536881.pdf,次期の見通し（2026年４月１日～2027年３月31日） 中期経営計画の２年目となる2026年度は、放送事業の想定を超える縮小という現実を直視し、「新たな配信サ ービスの立ち上げ」と「コンテンツ多層化収益の拡大」の２軸へ経営資源を集中させます。既存の放送サブスク リプションモデルからの脱却を図り、次世代のハイブリッド型事業構造への転換を強力に推進してまいります。 当社グループは、以下の課題に優先的…
6228,2025年12月期決算短信〔日本基準〕(連結),https://finance-frontend-pc-dist.west.edge.storage-yahoo.jp/disclosure/20260529/20260525547132.pdf,今後の見通し 当社は、2026年４月30日付「特別調査委員会の調査報告書受領に関するお知らせ」のとおり、特別調査委員会に よる調査結果を踏まえ、今回の調査の過程で検出された事項について、関連する会計処理を過年度に遡って訂正す る必要があると判断し、過去に提出済みの有価証券報告書等に記載されている財務諸表等を訂正し、過年度の有価 証券届出書、有価証券報告書及び四半期報告書並びに半期報告書の訂正報告書…
2193,2025年12月期 決算短信〔ＩＦＲＳ〕(連結),https://finance-frontend-pc-dist.west.edge.storage-yahoo.jp/disclosure/20260206/20260205549442.pdf,今後の見通し 当社グループは、日本を含む世界中の人々に向けて「毎日の料理を楽しみにする」サービスを提供するべく積 極的に投資を行っていく所存です。その投資の時期や金額の規模については、事業を取り巻く環境等の変化に応 じて機動的に判断していく想定です。このため、2026年12月期の連結業績予想については、合理的に算定するこ とが困難であるため、開示を行っていません。 （５）利益配分に関する基本方針 …
2499,2025年12月期　決算短信〔日本基準〕（連結）,https://finance-frontend-pc-dist.west.edge.storage-yahoo.jp/disclosure/20260213/20260211555260.pdf,業績見通し）当社は市場規模が縮小傾向にある和装業界に属しながら、独自のビジネスモデルによって、業界内では比較的安定した営業利益（2023年度393百万円、2024年度480百万円、2025年度375百万円）を計上しております。しかしながら、広告宣伝費・販売促進費等が単体の売上高の15％程度を占めるプロモーション依存度の高い事業構造であることから、集客を担っている無料きもの着付け教室のTVCMの反応…
7991,2026年３月期 決算短信〔日本基準〕（連結）,https://finance-frontend-pc-dist.west.edge.storage-yahoo.jp/disclosure/20260513/20260513529336.pdf,今後の見通し電子機器事業につきましては、パチンコホール店舗において人件費や諸物価高騰の中、設備投資に慎重な姿勢がみられ、既存遊技機からスマート遊技機への入れ替えは落ち着いた推移になるものと思われ、遊技機の周辺機器も同様に推移すると予想しております。スポーツ事業につきましては、為替や原材料・素材価格の変動、生産拠点であるバングラデシュでのコスト上昇、さらには流動的な国際政治情勢などの様々な不安定要素…
7887,2026年３月期　決算短信〔日本基準〕（連結）,https://finance-frontend-pc-dist.west.edge.storage-yahoo.jp/disclosure/20260515/20260514535199.pdf,今後の見通し 次期の見通しにつきましては、次のとおりであります。 今後の我が国の経済情勢は、賃金・雇用情勢の改善や企業設備投資の拡大傾向を背景に、緩やかな回復が見込まれます。しかしながら、米国の政策変更による貿易摩擦の懸念のほか、為替相場の変動や地政学的リスクにより不透明な状況となっており、依然として先行き不透明な状況が継続しています。 住宅業界におきましては、人件費、原材料費、エネルギー費の高騰…
7841,2025年12月期  決算短信〔日本基準〕（連結）,https://finance-frontend-pc-dist.west.edge.storage-yahoo.jp/disclosure/20260213/20260208551133.pdf,業績見通しにつきましては、売上高210億円（前期比15.1％増）、営業利益11億50百万円（同12.0％増）、経常利益12億50百万円（同8.9％増）、親会社株主に帰属する当期純利益10億円（同66.4％増）を見込んでおります。なお、本業績見通しの為替レートにつきましては、１タイバーツ4.9円を前提としております。 ㈱遠藤製作所（7841） 2025年12月期決算短信 - 4 - ②利益配分に関す…
6346,2026年3月期決算短信［日本基準］（非連結）,https://finance-frontend-pc-dist.west.edge.storage-yahoo.jp/disclosure/20260513/20260501516497.pdf,今後の見通し 次期の経営環境につきましては、世界各国で起こっている紛争の行方が見通せず、それに伴うエネルギー・物流網の構造的な脆弱性に対応するためには、効率重視のサプライチェーンから、戦略的な在庫確保や供給網の多極化への転換が、我が国の産業界においての優先課題となると思われます。 また国内の物価高と賃金上昇のサイクルが定着する中、コスト増を価格へ転嫁し、いかに高い付加価値を創出できるかが問われます…
6054,2025年12月期 決算短信〔日本基準〕（連結）,https://finance-frontend-pc-dist.west.edge.storage-yahoo.jp/disclosure/20260213/20260212557429.pdf,次期の見通し） 当社グループは、中長期的な持続成長の実現と企業価値向上のため、既存事業の収益基盤を強化しつつ、新たな強みと収益源を獲得することを目指しています。 2025年12月期において減収減益かつ営業赤字となったことを受け、2026年12月期は中期経営計画を推進しつつ、収益性の改善により四半期黒字を実現することを目指します。 特に、大幅な減収となった「マッハバイト」においては売上成長よりも収益…
5918,2026年３月期  決算短信〔日本基準〕（連結）,https://finance-frontend-pc-dist.west.edge.storage-yahoo.jp/disclosure/20260515/20260513530268.pdf,今後の見通し当社グループを取り巻く事業環境につきましては、国内において慢性的な人手不足や入札競争の激化といった構造的課題に加え、建設コストの上昇や投資判断の慎重化を背景として、民間建設投資や鉄骨需要は力強さを欠いた推移が見込まれております。また、公共分野においても、今年度の新設鋼橋発注量は前年度と同様、引き続き厳しい水準が想定されており、足元の需要動向については慎重な見極めが必要な状況にあります。…
4231,2026年３月期決算短信〔日本基準〕(連結),https://finance-frontend-pc-dist.west.edge.storage-yahoo.jp/disclosure/20260513/20260512524842.pdf,"今後の見通し 今後の経済の見通しは、中東情勢の緊迫化に伴い、エネルギー価格高騰、物流コスト増加、サプライチェーン混 乱などが想定され、先行き不透明な経営環境が予想されます。引き続き、売上・収益計画の必達、連結経営の強化、 企業体質の強化に注力してまいります。 なお、現時点における連結業績予想は、売上高50,000百万円、営業利益3,000百万円、経常利益3,300百万円、親 会社株主に帰属する当期…"
2917,2025年９月期 決算短信〔日本基準〕(連結),https://finance-frontend-pc-dist.west.edge.storage-yahoo.jp/disclosure/20251113/20251111596763.pdf,今後の見通し 当社グループを取り巻く市場環境は、経済活動の正常化、インバウンド需要の増加により景気は回復傾向にある ものの、エネルギー価格の高騰、商品価格の相次ぐ値上げにより消費者の生活防衛意識が高まっており、依然とし て節約志向、低価格志向から脱しきれず、厳しい環境が続くものと想定されます。 このような状況の中、当社グループといたしましては、安全・安心な製品の安定供給に努めるとともに、生産活 動…
1420,2026年３月期 決算短信〔日本基準〕（連結）,https://finance-frontend-pc-dist.west.edge.storage-yahoo.jp/disclosure/20260511/20260511521448.pdf,次期の見通し)次期の住宅業界は、緊迫化する中東情勢による原油価格やナフサ価格の上昇や石油化学製品の納期への影響等、不透明な状況が想定されます。また、土地価格や労務費を含む人件費等の上昇、上昇継続する各種金利等、社会・経済状況に対する影響は大きいものが想定されます。他方、国土交通省より「住生活基本法」の見直し素案が公表され、住宅行政においても「新築」から「ストック」に大きく舵を切られる状況であり、住…
6867,2026年３月期 決算短信〔日本基準〕（連結）,https://finance-frontend-pc-dist.west.edge.storage-yahoo.jp/disclosure/20260514/20260428513981.pdf,今後の見通し わが国においては景気が緩やかな回復傾向にある一方で、一部の原材料価格の高騰は継続しており、また地政学的リスクの長期化や米国の政策動向に加え、中東情勢の緊迫化など、世界経済の先行きは不透明な状況となっております。 このような状況のもと、当社グループの既存事業（バリュービジネス）におきましては、映像制作関連市場及び放送関連市場への販売が今後も堅調に推移するものと見込んでおります。新規事業…
3439,2026年６月期第３四半期決算短信〔日本基準〕（連結）,https://finance-frontend-pc-dist.west.edge.storage-yahoo.jp/disclosure/20260428/20260427512216.pdf,業績見通し等の将来に関する記述は、当社が現在入手している情報及び合理的であると判断する一定の前提に基づいており、実際の業績等は様々な要因により大きく異なる可能性があります。業績予想の前提となる条件及び業績予想のご利用にあたっての注意事項等については、四半期決算短信(添付資料３ページ「１.当四半期決算に関する定性的情報（３）連結業績予想などの将来予測情報に関する説明」をご覧ください。 〇添付資料の目…
1758,2026年１月期　決算短信〔日本基準〕(非連結),https://finance-frontend-pc-dist.west.edge.storage-yahoo.jp/disclosure/20260313/20260313581078.pdf,今後の見通し 中期経営計画(第59期～第61期、2025年2月～2028年1月)の１年目を振り返りますと、対処すべき課題は次の３点 と認識しました。 ① 利益については、第57期・第58期と2期連続した低調からの回復を喫緊の課題と捉え、好調決算した第56期 (2023年1月期)並み水準への早期回復をめざしています。３か年計画の１年目としては一定の成果は得られた ものの「道半ば」の評価になりましたの…
7871,2026年３月期　決算短信〔日本基準〕（連結）,https://finance-frontend-pc-dist.west.edge.storage-yahoo.jp/disclosure/20260514/20260514533075.pdf,今後の見通し 世界経済は、米中の経済的対立の深化や各国の金融政策の調整過程にある中、２月下旬に端を 発したイラン情勢の劇的な悪化により、地政学的緊張が一段と高まっております。ホルムズ海峡 の封鎖等に伴う原油・エネルギー価格の急騰や、為替市場における有事のドル買いによる円安の 進行など、グローバルなサプライチェーンや調達コストに対して、複合的な影響を及ぼすリスク が顕在化しております。国内におきまし…
7347,2025年12月期　決算短信〔日本基準〕（連結）,https://finance-frontend-pc-dist.west.edge.storage-yahoo.jp/disclosure/20260212/20260209552166.pdf,今後の見通し） 今後の見通しにつきましては、国内経済は回復基調で推移しているものの、世界経済は米国の金利引き下げや国際協調の低下等による影響から、引き続き不透明な経営環境が続くと予想されます。 当社グループが行っているファンド運用及び自己投資の業績は、経済環境、株式市況、各国の政治情勢など様々な要因に影響され、ファンド運用事業における管理報酬については安定的に収益を見込むことができますが、成功報酬…
8135,2026年３月期　決算短信〔日本基準〕（連結）,https://finance-frontend-pc-dist.west.edge.storage-yahoo.jp/disclosure/20260514/20260513528090.pdf,今後の見通しにつきましては、国際情勢の動向に起因する市況変動や原材料価格の高騰、為替相場の変動に加え、人件費及び物流コストの上昇等の複合的な要因により、先行きの不透明感が一層強まるものと認識しております。 このような大変厳しい環境の中、当社グループは中期経営計画に基づいて、高効率な経営を実現するため、引き続き適正な在庫流動管理の徹底や物流効率化に取り組むとともに、社員一人ひとりの生産性向上を図り、…
3320,2026年1月期 決算短信〔日本基準〕（連結）,https://finance-frontend-pc-dist.west.edge.storage-yahoo.jp/disclosure/20260313/20260225568450.pdf,次期の見通し 当社グループは、2026年１月期を初年度とした３か年の中期経営計画を策定し、「ファッションの力で、ライフスタイルの新たな可能性を開く。」をビジョンとし、持続的成長に向けた取り組みを強化してまいります。 アパレル卸売では、収益性向上をさらに推進するため、専門店向け販売の拡大に加え、地球温暖化による夏シーズンの長期化に対応した機能性ファッション「クロスファンクション」が順調に伸長しており…
9854,2026年3月期　決算短信〔日本基準〕（連結）,https://finance-frontend-pc-dist.west.edge.storage-yahoo.jp/disclosure/20260511/20260511521297.pdf,今後の見通し今後のわが国経済につきましては、米国の通商政策の動向や中東情勢等の地政学リスクの長期化に伴う原材料価格の高騰など、不安定な国際情勢の中にあります。一方、国内においては、賃金・雇用情勢の改善や各種政策の効果で、ゆるやかに回復しているものの、物価高の影響が長引けば、消費支出の低迷に繋がる懸念があり、先行きの見通しは依然として不透明な状況にあります。このような状況のもと、当社は、社会情勢の変…
3426,令和7年6月期 決算短信〔日本基準〕（非連結）,https://finance-frontend-pc-dist.west.edge.storage-yahoo.jp/disclosure/20250805/20250804528499.pdf,"次期の見通しにつきましては、売上高10,500百万円（前期比2.0％増）、営業利益350百万円（前期比32.1％減）、経常利益400百万円（前期比28.7％減）、当期純利益270百万円（前期比30.9％減）を見込んでおります。 アトムリビンテック㈱（3426）令和７年６月期 決算短信（非連結） - 5 - （５）利益配分に関する基本方針及び当期・次期の配当 当社は、安定的な経営基盤の確保と株主資本…"
5541,2026年３月期決算短信〔日本基準〕(連結),https://finance-frontend-pc-dist.west.edge.storage-yahoo.jp/disclosure/20260512/20260508520477.pdf,今後の見通し 連結業績予想につきましては、中国における不動産市場の停滞、金融資本市場の動き、米国の関税措置、ウクライ ナ情勢の緊迫化、さらには中東情勢の長期化も懸念され、複合的な要因に伴う影響を受けて世界的に依然不確実性が 高い状態で推移しております。 当社フェロニッケル製品の数量面については環境に大きな変化は見られず、前連結会計年度に引き続き収益性の観 点から数量抑制の方針を継続しております。 …
4629,2026年３月期　決算短信〔日本基準〕（連結）,https://finance-frontend-pc-dist.west.edge.storage-yahoo.jp/disclosure/20260514/20260512526039.pdf,今後の見通しといたしましては、米国・イラン間の情勢が極めて流動的に推移するなか、ホルムズ海峡閉鎖に端を 発する中東産原油・ナフサの調達難及び価格高騰が、当社グループの経営における最大の懸念材料となっておりま す。これに加えて、円安による輸入コストの上昇等もあり、引き続き厳しい経営環境で推移するものと見込んでおり ます。 このような未曾有の外部環境の変化に対し、当社グループが最優先で取り組むべき課題…
5971,2025年4月期 決算短信〔日本基準〕（連結）,https://finance-frontend-pc-dist.west.edge.storage-yahoo.jp/disclosure/20250613/20250609584913.pdf,業績見通し等の将来に関する記述は、当社が現在入手している情報及び合理的であると判断する一定の前提に基づいており、その達成を当社として約束する趣旨のものではありません。また、実際の業績等は様々な要因により大きく異なる場合があります。 ㈱共和工業所 (5971) 2025年４月期 決算短信 - 1 - １．経営成績等の概況 …………………………………………………………………………………………………………
7531,2025年12月期　決算短信〔日本基準〕（連結）,https://finance-frontend-pc-dist.west.edge.storage-yahoo.jp/disclosure/20260213/20260212555480.pdf,今後の見通し わが国経済の見通しは、物価上昇が続く中で、政府の経済対策と企業の継続した賃上げが消費を支えることが期待 されますが、人手不足や世界経済の停滞感もあり、国内景気の下振れリスクには留意が必要となっております。 鉄鋼業界におきましては、深刻化する人手不足や資材高により建築需要の回復は期待しにくく、また製造業におけ る鉄鋼需要も低迷が続くと予想されます。一方、鉄鋼価格は暫く続いた値下がりが底…
4569,2026年３月期　決算短信〔日本基準〕（連結）,https://finance-frontend-pc-dist.west.edge.storage-yahoo.jp/disclosure/20260512/20260511523774.pdf,
7434,2025年５月期 決算短信〔日本基準〕（連結）,https://finance-frontend-pc-dist.west.edge.storage-yahoo.jp/disclosure/20250714/20250711512128.pdf,今後の見通しにつきましては、企業収益が高い水準を維持していることや企業の積極的な賃上げが継続していることなどから、景気は引き続き緩やかに回復していくと思われます。また、企業の設備投資は前向きな状況が続いていることから、需要は今後も増加していくものと考えられます。一方で、米国の関税政策に起因する外需の減少拡大や中東における地政学的リスクの高まりなど、景気の先行きは引き続き不透明な状況で推移する中、物…
3246,2026年1月期　決算短信［日本基準］(連結),https://finance-frontend-pc-dist.west.edge.storage-yahoo.jp/disclosure/20260312/20260223566997.pdf,今後の見通し 当社グループが属する分譲マンション業界においては、土地価格は高止まりしており、物価の上昇・人手不足などの要因により建築コストは依然として高水準で推移しております。また、住宅ローン金利も緩やかな上昇局面にあり、顧客の返済負担増への懸念や、将来的な金利動向を見極めたいという慎重姿勢が強まり、購入意欲への影響が懸念されます。 このような環境のもと、当社グループは、中期経営計画に基づくファミ…
6342,2026年3月期　決算短信[日本基準]（連結）,https://finance-frontend-pc-dist.west.edge.storage-yahoo.jp/disclosure/20260513/20260501516930.pdf,今後の見通し今後の我が国経済の見通しといたしましては、産業全体の先行きにかかる見通しは上向きであり、底堅い設備投資意欲に支えられゆるやかな回復基調の継続が予想される一方で、緊迫化する中東情勢を背景に原材料・エネルギー価格の高止まり、とりわけ石油関連の物流停滞および石油由来の製品不足が懸念されるなど、先行きの不透明な環境が見込まれます。他方、年々威力を増す気候変動に起因する大規模自然災害をはじめとす…
5984,2026年３月期 決算短信〔日本基準〕（連結）,https://finance-frontend-pc-dist.west.edge.storage-yahoo.jp/disclosure/20260512/20260511522766.pdf,今後の見通し次期の経済見通しにつきましては、米国の関税政策によるサプライチェーンの混乱や中国経済の低迷に加え、ロシア・ウクライナ戦争長期化や中東での紛争など地政学的リスクを背景に、引き続き先行き不透明な状況が続くものと予想されます。わが国経済においては、積極的な財政政策による企業業績改善と賃上げが期待される一方で、レアメタルと原油由来の原材料やエネルギー価格の高騰が企業活動に影響を及ぼす可能性があ…
5697,2026年3月期 決算短信〔日本基準〕(連結),https://finance-frontend-pc-dist.west.edge.storage-yahoo.jp/disclosure/20260512/20260424510700.pdf,今後の見通しわが国経済の今後の見通しにつきましては、更なる労務費・諸物価の上昇等の懸念があり、楽観視できない状況が継続している中で、中東情勢に伴う原油・ナフサの調達不安に起因した諸資材の高騰、及び調達の困難化といった収益・生産面への影響が憂慮される状況と認識しています。当業界につきましても、今後の動向を慎重に見極めていくことと、変化への備えが何よりも重要であると考えております。このような経営環境下…
3420,2026年３月期　決算短信［日本基準］（連結）,https://finance-frontend-pc-dist.west.edge.storage-yahoo.jp/disclosure/20260514/20260514533004.pdf,今後の見通し ①通期の見通し 今後の見通しにつきましては、雇用環境の改善や賃金動向の変化などを背景に、緩やかな回復が続くことが期待されます。一方で、物価上昇の影響や人手不足の深刻化、金利・為替動向や中東情勢などの地政学的リスクも存在しており、企業経営を取り巻く環境には引き続き注意を要する状況が見込まれます。 一方、建設業界においても、建設資材価格やエネルギー価格の高騰、建設技術者・技能労働者の慢性…
1850,2026年３月期　決算短信〔日本基準〕（連結）,https://finance-frontend-pc-dist.west.edge.storage-yahoo.jp/disclosure/20260428/20260422508441.pdf,今後の見通しにつきましては、国内経済は緩やかな回復基調のまま推移することが見込まれ、建設業界におきま しても、堅調な企業収益や省力化投資への対応等を背景に、持ち直しの傾向が続くことが期待されます。一方で、 中東情勢等の地政学リスクや物価上昇による影響について、十分に注意する必要があります。また、建設技術者や 技能労働者の減少と高齢化が進んでおり、業界を取り巻く環境は、引き続き厳しさを増していくもの…
7937,2026年３月期　決算短信〔日本基準〕(非連結),https://finance-frontend-pc-dist.west.edge.storage-yahoo.jp/disclosure/20260514/20260421507693.pdf,今後の見通し今後の経済情勢につきましては、雇用・所得環境が改善する下で、各種政策の効果もあって、緩やかな回復が続くことが期待されます。しかしながら、不安定な世界情勢を受けた地政学リスクの高まりや、継続する物価上昇により個人消費の減速が懸念されることなどが、わが国の景気を下押しするリスクとなっております。また、金融資本市場の変動の影響やアメリカの通商政策をめぐる動向などにも十分注意する必要があります…
4224,2026年3月期決算短信〔日本基準〕(連結),https://finance-frontend-pc-dist.west.edge.storage-yahoo.jp/disclosure/20260514/20260513529466.pdf,今後の見通し わが国経済の先行きにつきましては、引き続き緩やかな回復基調で推移することが期待されるものの、中東地域 を巡る地政学的リスクの長期化によるエネルギー需給への影響や原材料価格の動向、為替変動など不確実性が多く、 景気の先行きは依然不透明な状況が続くものと予想されます。 当社グループの業績見通しにつきましては、原油価格の変動や供給不安により、原材料費などの仕入れ価格上昇 が見込まれており、…
4705,2026年３月期　決算短信〔日本基準〕(連結),https://finance-frontend-pc-dist.west.edge.storage-yahoo.jp/disclosure/20260514/20260512524825.pdf,"今後の見通し 教育事業は、通期の平均生徒数が、当期5,706名から、次期5,843名となる見込から、売上高23億36百万円（当 連結会計年度比3.4％増）と見込んでおります。 スポーツ事業は、通期の平均生徒数が、当期3,190名から、次期3,193名となる見込から、売上２億39百万円 （当連結会計年度比0.3％増）と見込んでおります。 飲食事業は、売上高１億28百万円円（当連結会計年度比0.1％減…"
7670,2026年３月期 決算短信〔日本基準〕(連結),https://finance-frontend-pc-dist.west.edge.storage-yahoo.jp/disclosure/20260514/20260514532268.pdf,今後の見通し 今後の国内外の景気動向においても、引き続き米国の通商政策の動向、ウクライナや中東地域をめぐる情勢や物価 上昇、金融資本市場の変動等の影響が懸念されていることから、先行き不透明な状況が継続すると推測されます。 当社グループはこのような状況のもと、2024年度から2026年度を最終年度とする中期経営計画「MAP24-26」では、 「グローバルブランド O-Wellの樹立」を10年後の目指…
2795,2026年3月期 決算短信〔日本基準〕（連結）,https://finance-frontend-pc-dist.west.edge.storage-yahoo.jp/disclosure/20260514/20260513530088.pdf,今後の見通し ①次期(2027年３月期)の連結業績見通しについて 次期(2027年３月期)の連結業績見通しにつきましては、売上高 71億70百万円、営業利益 ５億0百万円、経常 利益５億60百万円、親会社株主に帰属する当期純利益 ３億75百万円を見込んでおります。 なお、当社は、当連結会計年度末において、米ドル建ての現金、預金を約１千50万ドル、ユーロ建ては約１ 百万ユーロ保有しており、期末時点の…
3758,2026年12月期第１四半期決算短信〔日本基準〕(連結),https://finance-frontend-pc-dist.west.edge.storage-yahoo.jp/disclosure/20260515/20260515537524.pdf,業績見通し等の将来に関する記述は、当社が現在入手している情報及び合理的であると判断する一定の前提に基づいており、実際の業績等は様々な要因により大きく異なる可能性があります。 ○添付資料の目次 株式会社アエリア(3758) 2026年12月期 第１四半期決算短信 １．当四半期決算に関する定性的情報 ……………………………………………………………………………２ （１）経営成績に関する説明 …………………
5951,2026年３月期 決算短信〔日本基準〕（非連結）,https://finance-frontend-pc-dist.west.edge.storage-yahoo.jp/disclosure/20260513/20260512524635.pdf,今後の見通しにつきましては、わが国経済は、雇用・所得環境の改善が進む中で、各種政策の効果も下支えとなり、緩やかな回復が期待されるものの、中東情勢の影響には十分注意する必要があります。 今後も、地政学的リスクに伴う原材料やエネルギー価格の高騰などが懸念されますが、販売価格の改定や継続的なコスト削減により、既存事業の収益性を高めるとともに、新商品への中長期的な設備投資・開発投資を行い、資本効率の継続的…
7435,2026年４月期　第３四半期決算短信〔日本基準〕（連結）,https://finance-frontend-pc-dist.west.edge.storage-yahoo.jp/disclosure/20260311/20260225568936.pdf,業績見通し等の将来に関する記述は、当社が現在入手している情報および合理的であると判断する一定の前提に基づいており、そ の達成を当社として約束する趣旨のものではありません。また、実際の業績等は様々な要因により大きく異なる可能性があります。 〇添付資料の目次 株式会社ナ・デックス(7435) 2026年４月期 第３四半期決算短信 １．経営成績等の概況 ……………………………………………………………………
7422,2025年12月期　決算短信〔日本基準〕（非連結）,https://finance-frontend-pc-dist.west.edge.storage-yahoo.jp/disclosure/20260130/20260130542521.pdf,今後の見通し 当社を取り巻く事業環境は、原材料価格や物流費の上昇、為替変動等の影響に加え、消費行動や市場構造の 変化が進行しており、依然として先行き不透明な状況が続いております。 このような状況におきまして、当社は「創造・開拓・奉仕」の経営理念のもと、事業の持続性と将来にわた る企業価値の向上を図るべく、商品戦略及び営業戦略を中心とした経営課題への対応を進めてまいります。 (1) 商品戦略 当社は…
3236,2025年5月期 決算短信〔日本基準〕（非連結）,https://finance-frontend-pc-dist.west.edge.storage-yahoo.jp/disclosure/20250714/20250714513723.pdf,今後の見通し日本経済は、米国の通商政策等による不透明感がみられ、一部で足踏みがみられるものの当面は内需がけん引する形で、緩やかな回復を続けることが見込まれます。しかしながら、東欧や中東における世界情勢の不透明性、円安や資源価格の上昇に伴うエネルギー価格や食料品の価格上昇の継続などによる消費者マインドの下振れ、世界的な金融引締め等による海外景気の下振れが、景気の下押し圧力となる可能性があります。当社…
5819,2025年12月期 決算短信〔日本基準〕(連結),https://finance-frontend-pc-dist.west.edge.storage-yahoo.jp/disclosure/20260129/20260122537310.pdf,今後の見通し 世界情勢は、ロシア・ウクライナ、中東、東アジア、中南米など地政学リスクが世界各地域に広がり、経済活動へ波及が懸念されるなど不安定な状況が想定されます。経済面では為替の動向、継続する資源価格の高騰、中国経済の減速、米国関税の影響など、経営環境は極めて不透明な状況が続くと予想されます。当社グループは、国内市場における既存事業強化とともに、海外市場への積極的な展開、次のビジネスの礎構築に向…
3161,2025年4月期決算短信〔日本基準〕（連結）,https://finance-frontend-pc-dist.west.edge.storage-yahoo.jp/disclosure/20250613/20250612588511.pdf,"業績見通しにつきましては、売上高8,445百万円、営業利益270百万円、経常利益300百万 円、親会社株主に帰属する当期純利益194百万円を見込んでおります。上記業績予想は、本資料発表時点において入手 可能な情報に基づき作成したもので、今後事業環境の変化など、業績予想の修正が見込まれる場合には、適時、適切 な情報開示をいたします。 ２．会計基準の選択に関する基本的な考え方 当社グループの利害関係者…"
7175,2026年３月期 決算短信〔日本基準〕（非連結）,https://finance-frontend-pc-dist.west.edge.storage-yahoo.jp/disclosure/20260424/20260424509735.pdf,今後の見通し 当社の業績は、経済情勢や市場環境の変動による影響を大きく受ける状況にあり、投資家の皆様の投資判断に有用 な業績予想を行うことが困難であるため、業績予想を開示しておりません。これに代えて、四半期及び通期の業績速 報値を開示いたします。なお、業績速報値については、四半期決算及び決算終了後概ね15営業日以内に開示する予定 としております。 ２．会計基準の選択に関する基本的な考え方 当社は日…
5946,2025年12月期　決算短信［日本基準］（連結）,https://finance-frontend-pc-dist.west.edge.storage-yahoo.jp/disclosure/20260213/20260127539603.pdf,次期の見通し）今後のわが国経済は、雇用・所得環境の改善により個人消費の持ち直しの動きが引続き拡大していくと見込まれ、景気は緩やかな回復が期待されますが、米国の通商政策の動向や日中関係の悪化に加え、政府の積極財政や金融政策が個人消費に及ぼす影響等に十分に留意する必要があります。また、当社グループの商品需要とも関係の深い建築業界におきましては、資材価格や人件費の高騰などにより住宅価格の上昇が続くなか、…
8938,2026年３月期　決算短信〔日本基準〕（連結）,https://finance-frontend-pc-dist.west.edge.storage-yahoo.jp/disclosure/20260515/20260515536122.pdf,"今後の見通し当連結会計年度においては、医療関連事業において新たに１件のアライアンス先医療機関を獲得しましたが、業務受託契約の終了等による病床減があり、３月31日現在のアライアンス先病床数は合計4,826床となりました。また、2024年３月期に立ち上げたホスピス住宅事業につきましては、2026年2月をもって閉鎖し、賃貸物件として他社に賃貸中です。2027年３月期には、新規アライアンス先医療機関の開拓…"
6292,2026年３月期決算短信〔日本基準〕(連結),https://finance-frontend-pc-dist.west.edge.storage-yahoo.jp/disclosure/20260513/20260512526252.pdf,今後の見通し 世界経済は、地政学的リスクの高まりや中国経済の長期低迷等により、先行きに対する強い不透明感が漂って います。わが国経済も、個人消費の改善や緩やかな設備投資の回復に期待は持てる反面、原油価格高騰や調達懸 念等に伴う物価上昇による消費の下押し懸念もあり、外部環境の変化を注視しつつ、慎重なリスク管理が求めら れる状況が続くものと予想されます。 また、当社グループを取り巻く環境としては、射出…
3668,2026年９月期 第２四半期（中間期）決算短信〔日本基準〕（連結）,https://finance-frontend-pc-dist.west.edge.storage-yahoo.jp/disclosure/20260507/20260507517907.pdf,
6748,2025年12月期  決算短信〔日本基準〕（連結）,https://finance-frontend-pc-dist.west.edge.storage-yahoo.jp/disclosure/20260212/20260212555859.pdf,今後の見通しにつきましては、雇用・所得環境の改善などを背景に緩やかな回復が続くことが期待されますが、物価上昇、アメリカの政策動向、金融資本市場の変動など依然として景気の先行きは不透明な状況にあります。このようななか、公共設備関連では、インフラ整備などの公共事業の継続、政府のカーボンニュートラル施策を背景とした照明器具のLED化促進などが予想されます。また民間設備関連では2027年蛍光灯製造禁止を背…
9972,2025年11月期 決算短信〔日本基準〕（連結）,https://finance-frontend-pc-dist.west.edge.storage-yahoo.jp/disclosure/20260114/20260114533330.pdf,今後の見通し今後の我が国経済は、日中関係の悪化や米国の関税政策等の影響を受けつつも、雇用環境の改善や政府の経済政策が下支えとなり、底堅く推移していくと予想されます。一方、海外においては、米中貿易摩擦が再燃する懸念、ロシア・ウクライナ情勢や中東情勢の長期化による影響等の下振れリスクを抱えつつも、緩やかな回復基調となることが予想されます。当社グループは、2021年１月に策定した中期経営計画（2021年…
6335,2026年３月期決算短信〔日本基準〕(連結),https://finance-frontend-pc-dist.west.edge.storage-yahoo.jp/disclosure/20260512/20260511522106.pdf,今後の見通し 当社グループが主として事業を展開する新聞業界は、新聞の需要が減退しており、設備投資に対する姿勢は慎重 であり、当社にとりまして厳しい事業環境が続いております。 このような事業環境のもと、当社グループは、中期経営計画において掲げた経営理念に従い、構造改革に取り組 んでまいります。 次期の業績見通しとしては売上高109億6千万円（前期実績84億5千6百万円）、営業利益7億円（前期実績7億…
7021,2026年3月期 決算短信〔日本基準〕（連結）,https://finance-frontend-pc-dist.west.edge.storage-yahoo.jp/disclosure/20260514/20260326590305.pdf,今後の見通し 世界経済は、米国中心に堅調に推移してきましたが、中東における紛争の影響により急速に不透明感が増しています。今後の展開次第では、経済成長に大幅な下押し圧力がかかることも懸念され、金融市場も含め不安定な展開が予想されます。日本経済も賃上げと個人消費回復の好循環が期待されるものの、原油をはじめとする資源価格の高騰及び供給不安が懸念されるなかで、更なる物価高騰や企業収益に与える影響等、大きな…
2814,2026年3月期 決算短信〔日本基準〕(非連結),https://finance-frontend-pc-dist.west.edge.storage-yahoo.jp/disclosure/20260515/20260514535055.pdf,今後の見通しにつきましては、訪日外国人旅行者の増加及び円安の影響によるインバウンド需要の拡大や、社会 経済活動の活発化に伴う雇用情勢の改善など、持ち直しの動きが見られるものの、継続的な物価上昇や金融資本市 場の変動による消費マインドの低下や、地政学リスクの高まりが懸念されることなどから、先行きについては依然 として不透明な状況が続くものと予想されます。 当食品業界につきましては、インバウンド需要の…
6899,2026年3月期　決算短信〔日本基準〕（連結）,https://finance-frontend-pc-dist.west.edge.storage-yahoo.jp/disclosure/20260514/20260430515526.pdf,今後の見通し（次期の業績見通し） 今後の見通しにつきましては、中東情勢に伴う原油供給の不安定な状況による受注動向の不確実性及び景気の減速の懸念、円安進行からくる原材料価格の高騰等、当社グループを取り巻く経営環境は引き続き厳しい状況が続くものと予想されます。 このような状況の中、当社としては、新中期経営計画（VISION2030）を新たに掲げ、インド事業、ＥＶ関連各種電子部品、二輪車・船外機用ワイヤ…
7997,2025年11月期決算短信〔日本基準〕(連結),https://finance-frontend-pc-dist.west.edge.storage-yahoo.jp/disclosure/20260114/20260114533160.pdf,"今後の見通し 売上高 （百万円） 営業利益 （百万円） 経常利益 （百万円） 親会社株主に帰属 する当期純利益 （百万円） １株当たり当期 純利益（円） 2026年11月期 2025年11月期 増減率（％） 7,450 6,342 17.5 70 △122 ― 75 △7 ― 40 403 △90.1 23.96 237.75 △89.9 翌連結会計年度を迎えるにあたり、新３か年中期経営計画『Po…"
4360,2026年３月期 決算短信〔日本基準〕（連結）,https://finance-frontend-pc-dist.west.edge.storage-yahoo.jp/disclosure/20260514/20260501516521.pdf,"今後の見通し 通期の連結業績見通しにつきましては、売上高11,600百万円（前期比5.5％増）を予想しております。なお、2027年３月期の連結業績予想については、中東情勢による未確定要素を踏まえ、特に今後の生産計画の変更可能性や原料コストの変化等、合理的な算定が困難なため、現時点では売上高のみを開示しております。今後、影響が判明次第速やかに公表いたします。株式会社マナック・ケミカル・パートナーズ（…"
5187,2025年12月期 決算短信[日本基準](連結),https://finance-frontend-pc-dist.west.edge.storage-yahoo.jp/disclosure/20260213/20260212556586.pdf,今後の見通し当社グループを取り巻く経営環境は、国内における医療需要の安定的な伸長に加え、アジアを中心とした海外市場の拡大が予想される一方、原材料価格の高止まりや為替変動、海外の不確実性や地政学リスクを背景としたサプライチェーンの影響が懸念され、先行き不透明な状況が続いております。このような状況の下、2026年12月期の業績予想につきましては、中期経営計画2027の２年目として、国内販売は新製品の営…
5446,2026年3月期決算短信〔日本基準〕（連結）,https://finance-frontend-pc-dist.west.edge.storage-yahoo.jp/disclosure/20260512/20260507517815.pdf,今後の見通しにつきましては、引き続き鋼材需要の大幅な回復を期待することは難しい状況であることに加え、中東情勢の緊迫化によるエネルギーの安定供給に対する不安など地政学リスクの一層の高まりや米国の通商政策が鉄鋼需給だけではなく世界経済全般に大きな影響を及ぼす可能性があることなど、不透明かつ厳しい経営環境となることが予想されます。このような環境下、当社グループといたしましては、「中期経営計画2027」の…
3632,2025年6月期 決算短信〔日本基準〕（連結）,https://finance-frontend-pc-dist.west.edge.storage-yahoo.jp/disclosure/20250806/20250806531347.pdf,業績見通しについて適正かつ合理的な数値の算出が困難であると判断し、連結業績予想の開示を見合わせることといたしました。投資事業を除く、各事業セグメントごとの今後の見通し等については、本日発表の「2025年６月期 通期（第４四半期） 決算説明会資料」にて開示しておりますので、あわせてご参照ください。（５）利益配分に関する基本方針及び当期・次期の配当当社グループは、株主の皆様に対する利益還元を重要な経営…
6718,2026年3月期決算短信〔日本基準〕（連結）,https://finance-frontend-pc-dist.west.edge.storage-yahoo.jp/disclosure/20260512/20260507517640.pdf,業績見通しにつきましては、現時点で得られた情報および合理的であると判断する一定の前提に基づいて算出しております。当社グループの為替影響につきましては、ＵＳドルやタイバーツに対して円高が進行することにより営業利益が押し上げられる効果があります。次期為替レートにつきましては、１ＵＳドル＝158円、１タイバーツ＝5.0円を想定しております。アイホン㈱（6718）2026年3月期 決算短信 - 5 - （…
9876,2026年２月期決算短信〔日本基準〕(連結),https://finance-frontend-pc-dist.west.edge.storage-yahoo.jp/disclosure/20260409/20260408500415.pdf,今後の見通し 2027年２月期においては、経済活動の正常化が進み、雇用・所得環境が改善するなど緩やかな回復 基調で推移する一方で、継続的な物価上昇や人件費の高まりを受けたコストの増加、人手不足の深刻 化への懸念等が続くものと考えられます。海外経済においても、米国の今後の政策動向や中東情勢に よる影響等の懸念があり、そうした国内外の諸問題に伴う資源・材料の価格高騰、円安継続など、依 然として先行き不…
8869,2026年３月期 決算短信［日本基準］（連結）,https://finance-frontend-pc-dist.west.edge.storage-yahoo.jp/disclosure/20260514/20260514532679.pdf,今後の見通し次期の業績見通しは次のとおりです。詳細につきましては、2026年５月14日付公表の「2026年３月期 決算説明資料」をご覧ください。 （連結） （個別）我が国経済の先行きは、持続的な賃上げ等を背景とした個人消費の緩やかな回復が続くことが期待される一方で、人手不足の深刻化や、金利上昇が企業の投資判断に与える影響、さらには中東情勢などの地政学リスクに伴うコスト上昇圧力についても、引き続き注…
5282,2026年３月期決算短信〔日本基準〕(連結),https://finance-frontend-pc-dist.west.edge.storage-yahoo.jp/disclosure/20260515/20260513527905.pdf,業績見通しにつきましては、 売上高106億円、営業利益０百万円、経常利益０百万円を見込んでおります。また、親会社株主に帰属する中間純 利益につきましては、投資有価証券売却益（特別利益）の計上があり、８億20百万円を見込んでおります。 2027年３月期通期の連結業績見通しは、下半期において地下通路向けカルバートや空港向け舗装版が複数工区 で予定されていることに加え、北陸震災復興案件等の土木製品の売上…
3537,2026年３月期 決算短信〔日本基準〕（連結）,https://finance-frontend-pc-dist.west.edge.storage-yahoo.jp/disclosure/20260514/20260511523559.pdf,"今後の見通し 当社グループの次期（2027年３月期）の連結業績は、売上高27,267百万円（前連結会計年度比1.3％増）、営業利 益441百万円（前連結会計年度比12.6％減）、経常利益629百万円（前連結会計年度比13.3％減）、親会社株主に帰 属する当期純利益は437百万円（前連結会計年度比21.4％減）の増収減益を見込んでおります。 当社グループでは、全てのセグメントにおいて、可能な範囲で収…"
8595,2026年３月期  決算短信〔日本基準〕（非連結）,https://finance-frontend-pc-dist.west.edge.storage-yahoo.jp/disclosure/20260424/20260424509826.pdf,
6497,2025年12月期決算短信〔日本基準〕(連結),https://finance-frontend-pc-dist.west.edge.storage-yahoo.jp/disclosure/20260213/20260109531864.pdf,今後の見通し 2026年12月期の連結業績予想につきましては、売上高131億円、営業利益12.5億円、経常利益13.8億円、親会社株主 に帰属する当期純利益9.8億円を見込んでおります。 なお、当期は当社の新たな中期経営計画（５カ年）の５年目となります。詳細につきましては、「ビジョン2030」 と共に「2226中期経営計画」を弊社ウェブサイト（https://www.hamai-net.com）に…
2168,2026年５月期　第３四半期決算短信〔日本基準〕(連結),https://finance-frontend-pc-dist.west.edge.storage-yahoo.jp/disclosure/20260414/20260408500234.pdf,業績見通し等の将来に関する記述は、当社が現在入手している情報及び合理的であると判断する一定の前提に基づいており、実際の業績等は様々な要因により大きく異なる可能性があります。業績予想の前提となる条件等については、(添付資料)「１．経営成績等の概況(３)連結業績予想などの将来予測情報に関する説明」をご覧ください。(決算説明資料の入手方法)決算説明補足資料については、当社ホームページ(https://w…
7264,2026年３月期決算短信〔日本基準〕(連結),https://finance-frontend-pc-dist.west.edge.storage-yahoo.jp/disclosure/20260514/20260513531045.pdf,"今後の見通し （次期の見通し） 今後の経済環境につきましては、地政学リスクの継続、各国における通商政策の動向、為替変動等により、依然 として不透明な状況が続くものと思われます。このような状況の中、当社グループは、生産性向上、原価低減、お よび成長分野への注力を通じて収益力の強化を図って参ります。現時点での事業環境に大きな変動が無いことを前 提とした連結業績予想としましては、売上高は24,139 百…"
5079,2025年４月期 決算短信〔日本基準〕（連結）,https://finance-frontend-pc-dist.west.edge.storage-yahoo.jp/disclosure/20250613/20250613589104.pdf,今後の見通し わが国経済は、雇用・所得環境に改善の動きが見られる中、インバウンド需要の増加や個人消費の持ち直しによ り緩やかな回復傾向となりました。 その一方で、米国の政策動向や中国経済の先行き懸念、中東地域等の地政学的リスクの長期化を背景とした不安 定な国際情勢の影響による原油・原材料価格等の高止まり、わが国を含む主要国における政治情勢がもたらす金融 資本市場の変動に伴う影響等の懸念材料が見込ま…
7122,2026年３月期 決算短信〔日本基準〕(連結),https://finance-frontend-pc-dist.west.edge.storage-yahoo.jp/disclosure/20260513/20260513528851.pdf,今後の見通し 短期的には中東情勢の緊迫化による物価や調達コストの上昇が懸念され、当社グループにおいても資源供給の 混乱とそれに伴う原材料やエネルギー価格の高騰、人件費の急騰などによる製造原価の上昇に加え、工程に影響 を及ぼすことも考えられますが、影響の規模と解消時期が不明なため現時点で明確な形では業績予想に織り込ん でおりません。 一方、中期的には省エネルギー化、CO2削減などに向けた鉄道分野への…
8281,2026年３月期 決算短信〔日本基準〕（連結）,https://finance-frontend-pc-dist.west.edge.storage-yahoo.jp/disclosure/20260515/20260514533078.pdf,今後の見通し 今後の当社グループを取り巻く環境は、雇用・所得環境の改善や各種政策の効果により、国内景気は緩やかな回復が続くことが期待されます。一方で、物価上昇による消費者マインドへの影響、為替・資源価格の変動、金融資本市場の変動、海外経済および通商政策の動向等については、引き続き注意が必要な状況にあります。 このような状況下、当社グループは、2027年３月期を、将来の成長基盤と資本効率を再構築する…
1853,2026年3月期 決算短信〔日本基準〕（非連結）,https://finance-frontend-pc-dist.west.edge.storage-yahoo.jp/disclosure/20260514/20260502517134.pdf,"今後の見通し 建設業界の今後の見通しにつきましては、成長分野に支えられ建設投資は底堅く推移する見通しであるものの、原油価格の高止まりによるエネルギーコストや資材価格の上昇に加え、深刻な担い手不足の問題や石油関連資材の供給不足の懸念等もあり、先行き不透明な状況が続くものと見込まれます。 このような状況下、当社の2027年３月期の業績は、売上高27,200百万円、営業利益1,160百万円、経常利益1,…"
7908,2026年３月期決算短信〔日本基準〕(連結),https://finance-frontend-pc-dist.west.edge.storage-yahoo.jp/disclosure/20260424/20260424510676.pdf,今後の見通し 2027年３月期につきましては、米国の通商政策の動向や自動車産業の回復時期に加え、中東情勢の緊張に伴う原 油やナフサ調達環境への影響など、日々不確実性が高い状況が続くものと見込んでおります。これらの影響は当社 グループの高機能材料事業における原材料コストや生産活動に加え、顧客企業の事業活動にも波及しており、需要 動向についても見通しが困難な状況にあります。 このような状況を踏まえ、現…
4627,2025年10月期　決算短信〔日本基準〕（連結）,https://finance-frontend-pc-dist.west.edge.storage-yahoo.jp/disclosure/20251215/20251212518985.pdf,次期の見通し今後の我が国の経済は、米国の関税政策の影響を受けた外需の落ち込みの改善の他、高市政権の経済対策の効果も見込まれ、実質賃金の改善や堅調な設備投資等を支えに、緩やかな景気回復が期待されます。しかし米国のトランプ大統領の通商政策の行方、米中の貿易摩擦の再燃、地政学リスクの高まりなどの影響が懸念され、先行き不透明な状況が続くことが想定されます。当社を取り巻く事業環境としては、金属用塗料事業では…
4243,2025年９月期決算短信〔日本基準〕(連結),https://finance-frontend-pc-dist.west.edge.storage-yahoo.jp/disclosure/20251113/20251113599764.pdf,今後の見通し 次期の見通しにつきましては、国家間の争いや地政学的リスク、環境問題等の各種課題がより強く顕在化し、合理的な検討や柔軟な対応が要求される状況が続くものと予想されます。 このような厳しい事業環境を踏まえ、当社グループでは引き続きオリジナルプラスチック素材であるNIXAMⓇ応用製品による高付加価値新製品の開発・拡販に注力致します。また、生産面で新分野の生産能力の強化を目的とした投資を行い、…
4625,2026年３月期　決算短信〔日本基準〕（連結）,https://finance-frontend-pc-dist.west.edge.storage-yahoo.jp/disclosure/20260514/20260513528134.pdf,今後の見通しにつきましては、経済活動が緩やかに回復していくことを期待されるものの、中東情 勢の緊迫化による資源・原材料の高騰、調達不安により先行きが不透明な状況が続くと予想され、ま た、このまま現在の中東情勢が続いた場合、原材料や副資材の調達困難により生産できない製品が発 生し市場への製品供給不足の発生、市場の停滞による受注減といったリスクが見込まれます。このよ うな環境のもと当社は、まず中東情勢…
7521,2026年３月期 決算短信〔日本基準〕(連結）,https://finance-frontend-pc-dist.west.edge.storage-yahoo.jp/disclosure/20260515/20260513528609.pdf,業績見通しにつきましては、売上高339億59百万円、営業利益５億96百万円、経常利益７億32百万円、親会社株主に帰属する当期純利益３億91百万円を見込んでおります。（５）利益配分に関する基本方針及び当期・次期の配当当社グループは、企業体質の強化と将来の事業展開のため内部留保の充実を図ると同時に、業績の成果に応じた利益還元に努めることを基本方針としております。当期の期末配当金につきましては、当期の業…
5986,2026年３月期 決算短信〔日本基準〕(連結),https://finance-frontend-pc-dist.west.edge.storage-yahoo.jp/disclosure/20260514/20260508520584.pdf,今後の見通し 今後のわが国経済は、企業収益や雇用環境の改善を背景に緩やかな景気回復が期待されますが、緊迫度を増す中 東情勢に起因する原油の供給障害や油価の上昇、金融資本市場の変動、さらには米国の通商政策をめぐる動向等、 依然として先行き不透明な状況で推移するものと思われます。 自動車産業においては、当社製品の主要ユーザーの販売低迷が続いていることから、受注回復の時期も不透明な 状況にあります。家電…
6150,2025年５月期　決算短信〔日本基準〕（連結）,https://finance-frontend-pc-dist.west.edge.storage-yahoo.jp/disclosure/20250715/20250714514019.pdf,今後の見通し 文中の将来に関する事項は、当連結会計年度末日現在において当社グループが判断したものであります。 タケダ機械株式会社(6150) 2025年５月期 決算短信 当社グループは「お客様視点のものづくり」を基本原点に、建築鉄骨業界・製缶板金業界に形鋼加工機、自動車 関連業界・鋼材加工業界に丸鋸切断機を主力製品として事業を展開し、グローバルな競合他社に負けない競争力を 強化すべく基盤体制づくり…
7975,2026年2月期　決算短信〔日本基準〕（連結）,https://finance-frontend-pc-dist.west.edge.storage-yahoo.jp/disclosure/20260403/20260402597723.pdf,今後の見通し 次期の経済環境につきましては、引き続き雇用・所得環境の改善や個人消費の増加等により、景気は緩やかに回 復基調を維持するものと予想されますが、中東情勢の悪化に伴う原油価格の上昇等に加え、労働力不足等による人 件費の上昇、円安進行に伴う輸入物価等の高騰、米国の関税政策の影響等により景気下振れリスクが懸念されま す。 事務用品業界におきましては、個人を中心として需要の多様化が一層進むことに…
5966,2026年3月期決算短信[日本基準]（連結）,https://finance-frontend-pc-dist.west.edge.storage-yahoo.jp/disclosure/20260515/20260514535318.pdf,今後の見通し今後のわが国経済は、雇用・所得環境の側面から引き続き底堅く推移するとの期待がある一方、2026年11月に中間選挙を控える米国の通商政策や中東情勢をはじめとする地政学リスクの高まりなど、先行きが見通し難い状況が続くと予想されます。また、関連業界においては、少子高齢化を背景とした技術者の高齢化や人手不足に伴う生産性や企業競争力などへの影響が問題視されている一方で、安全・安心に対する社会的要…
3477,2026年3月期決算短信〔日本基準〕（非連結）,https://finance-frontend-pc-dist.west.edge.storage-yahoo.jp/disclosure/20260514/20260512524847.pdf,"業績見通しは、以下のように見込んでおります。2027年３月期業績予想は、売上高は20,000百万円（当事業年度比14.4％増）、営業利益は1,000百万円（当事業年度比13.6％増）、経常利益は900百万円（当事業年度比14.3％増）、当期純利益は650百万円（当事業年度比19.4％増）としております。(5) 継続企業の前提に関する重要事象等該当事項はありません。２．会計基準の選択に関する基本的な…"
7464,2026年３月期　決算短信〔日本基準〕（連結）,https://finance-frontend-pc-dist.west.edge.storage-yahoo.jp/disclosure/20260508/20260508519218.pdf,今後の見通し今後のわが国経済は、緩やかな回復基調が続くと予想されますが、今後の中東情勢により更なる商品価格の上昇が強く懸念され、また不透明感があり先行きが読めない状況にあります。当社グループが関連する工事保安用品業界におきましては、公共事業関連予算が前年並にあり国土強靭化、防災・減災に関する工事等が堅調に推移すると予想されます。一方で中東情勢による仕入価格の上昇、商品供給の停滞、加えて労務費や物流…
4365,2026年3月期 決算短信〔日本基準〕(連結),https://finance-frontend-pc-dist.west.edge.storage-yahoo.jp/disclosure/20260515/20260514531737.pdf,今後の見通しにつきましては、物価上昇の継続、米国の通商政策の動向、中東情勢を起因とした原材料・エネルギ ー価格の高騰、金融資本市場の変動など依然として不透明な状況が続くと見込まれます。 このような情勢の中、当社グループにおきましても、原材料価格の大幅な上昇や想定を超えた為替レートの変動等 により、コストアップ等への影響が懸念されます。 従いまして次期の連結業績予想につきましては、現段階において合理…
3639,2025年６月期 決算短信〔日本基準〕（連結）,https://finance-frontend-pc-dist.west.edge.storage-yahoo.jp/disclosure/20250808/20250716515596.pdf,
7865,2026年１月期　決算短信[日本基準]（非連結）,https://finance-frontend-pc-dist.west.edge.storage-yahoo.jp/disclosure/20260302/20260302572939.pdf,今後の見通し 前述の（中期的な方針）にも掲げましたとおり、現在、当社は事業構造改革を経て、2026年1月期より収益創出フ ェーズへ移行しております。好奇心事業第一弾「１curiosity(ワンキュリオシティ)」の市場投入に続き、次期2027 年１月期は第二弾「Baby curiosity(ベビーキュリオシティ)」を22商品展開し、本格的な事業拡張を図ります。 2027年1月期以降は、「ピタゴラス」…
2491,2025年12月期 決算短信〔日本基準〕（連結）,https://finance-frontend-pc-dist.west.edge.storage-yahoo.jp/disclosure/20260130/20260130543406.pdf,次期の見通しにつきましては、市場の成熟化と消費者の消費行動の変化が同時に進みつつある等、既存事業における大幅な成長は見込めない環境にあるほか、「StoreMatch（ストアマッチ）」及び「STORE’s R∞（ストアーズ・アールエイト）」に係る取引契約が2025年７月31日付で終了したことにより、厳しい事業環境が継続するものと想定しておりますが、財務安全性を適正に確保しながら、中期成長のための投資…
5078,2026年２月期決算短信〔日本基準〕（連結）,https://finance-frontend-pc-dist.west.edge.storage-yahoo.jp/disclosure/20260414/20260310579251.pdf,今後の見通しにつきましては、雇用・所得環境の改善もあり景気は緩やかな回復を続けることが期待されるも のの、労務費の上昇や資材価格の高止まりにより建築コストの上昇が続くものと思われます。また、米国の関税 政策による世界経済への影響、変動する金融市場の動向に加え、ウクライナ及び中東の地政学的リスクに起因す る原油価格の高騰等により、引き続き不透明な状況が続くものと想定しております。 このような環境の中…
3054,2025年12月期  決算短信〔日本基準〕（連結）,https://finance-frontend-pc-dist.west.edge.storage-yahoo.jp/disclosure/20260213/20260213560850.pdf,業績見通しにつきましては、売上高110億66百円、営業利益1億29百万円、経常利益1億29百万円、親会社株主に帰属する当期純利益1億2百万円を計画しております。（５）利益配分に関する基本方針及び当期・次期の配当 当社は、株主の皆様への利益還元の充実を重要な政策のひとつと認識し、安定配当の継続を基本方針として、業績の推移などを勘案して実施することとしております。 また、内部留保金につきましては、経営…
3297,2025年５月期決算短信〔日本基準〕(非連結),https://finance-frontend-pc-dist.west.edge.storage-yahoo.jp/disclosure/20250714/20250714513567.pdf,今後の見通し ア)次期の業績見通し 国内経済は、所得の増加などにより個人消費はじめ需要が引き続き緩やかに拡大しているものの、インフレ懸 念が根強くあることから、今後の金融政策が引き締め気味になるとみられ、これにより、国内需要の拡大ペース が鈍化していくものと予想されます。 海外においては、米国の経済が徐々に減速しつつあることに加え、中国の経済も足踏み状態にあることから、 原油市況も低下傾向にありま…
5915,2026年３月期　決算短信[日本基準]（連結）,https://finance-frontend-pc-dist.west.edge.storage-yahoo.jp/disclosure/20260513/20260513528754.pdf,今後の見通し 今後の国内景気につきましては、地政学的リスクの継続や顕在化にともなう海外経済の不確実性、為替動向や物 価上昇の影響などにより、先行きには引き続き不透明感が残るものと考えられます。一方で、雇用・所得環境の改 善を背景とした内需の持ち直しやインバウンド需要の回復が景気を下支えすることが期待される中、省人化・DX・ AI関連投資、脱炭素・エネルギー転換（GX）関連投資、国土強靭化に向けた投…
8584,2026年３月期 決算短信〔日本基準〕(連結),https://finance-frontend-pc-dist.west.edge.storage-yahoo.jp/disclosure/20260515/20260514533008.pdf,次期の見通し 当社グループを取り巻く経営環境は、金融政策の転換による金利上昇などを背景に、依然とし て先行き不透明な状況が続いています。このようななか、中期３カ年経営計画「Do next!」の２ 年目となる2026年度は、中長期的な視点に立った事業構造改革を積極的に推進していきます。 一方で、資金調達の環境変化による金融費用及びデータセンターの移転方法変更に伴うシステ ム関連費用などのコスト増加に…
9895,2026年３月期 決算短信〔日本基準〕（連結）,https://finance-frontend-pc-dist.west.edge.storage-yahoo.jp/disclosure/20260514/20260428512650.pdf,今後の見通しにつきましては、建設需要は底堅く推移することが期待される一方、資材価格や労務費の上昇に加え、中東地域におけるイラン情勢の悪化によるエネルギー価格の急激な変動等のリスクが存在し、事業環境の先行きは極めて不透明な状況が続くものと見込まれます。このような環境のなか、当社グループは、2025年度から2029年度までの５か年を対象とする「中期経営計画2029」を策定いたしました。中期経営計画20…
6159,2025年８月期 決算短信〔日本基準〕（連結）,https://finance-frontend-pc-dist.west.edge.storage-yahoo.jp/disclosure/20251010/20251010571283.pdf,"今後の見通し 次期の見通しにつきましては、米国の通商政策の影響に加え、継続している物価上昇や金融資本市場の変動等の影響があり、依然として先行き不透明な状況が続いております。当社におきましては、さらなる生産効率の向上、市場やお客様の期待に合致した高付加価値製品の開発等に取り組み、収益の確保に努めてまいります。このような状況から、2026年８月期の通期の連結業績予想につきましては、売上高5,467百万…"
2489,2025年12月期 決算短信〔日本基準〕(連結),https://finance-frontend-pc-dist.west.edge.storage-yahoo.jp/disclosure/20260210/20260209552875.pdf,今後の見通し2026年12月期におきましては、深刻な人手不足への対応や賃上げの継続による内需の底堅い推移が見込まれる一方、米国の金利政策の動向に伴うさらなる円安進行や、関税引き上げ等の影響、さらには中国の経済対策の停滞に伴う景気の冷え込みなど、先行きが不透明な状況が続くことが予測されております。このような状況下の中、当社グループでは、パーパスとして掲げている『全世界に「なにこれ すげー こんなのは…
8159,2026年３月期決算短信〔日本基準〕(連結),https://finance-frontend-pc-dist.west.edge.storage-yahoo.jp/disclosure/20260512/20260511523540.pdf,今後の見通し 中東をはじめとする地政学リスクやそれに伴う原材料・エネルギー価格などの上昇により、中国を中心とするア ジア地域の経済活動に不透明感が増しており、国内では人手不足や物価高騰による原価アップ、金利上昇や急激な 為替変動が加わり、依然として先行きは不透明な状況が続くことが予想されます。 このような環境において当社企業グループは、中長期経営計画「GIC30」で進めている各種戦略の実行に注力す…
3954,2026年３月期 決算短信〔日本基準〕（連結）,https://finance-frontend-pc-dist.west.edge.storage-yahoo.jp/disclosure/20260513/20260512524770.pdf,今後の見通し 次期につきましては、中東情勢緊迫化による業績への影響を最小限に抑えて、売上数量や採算を確保していくことが急務となります。一方で賃上げによる人件費、投資設備完成による減価償却費などの負担が増加し、引き続き利益圧迫要因となることは避けられない見込みです。 当社グループの次期の業績は、中東情勢緊迫化の影響などから業績の見通しの前提となる石油由来の原材料の調達や価格、また主要販売先の生産設備…
3710,令和８年９月期 第２四半期（中間期）決算短信〔日本基準〕(連結),https://finance-frontend-pc-dist.west.edge.storage-yahoo.jp/disclosure/20260514/20260513530885.pdf,業績見通し等の将来に関する記述は、当社が現在入手している情報及び合理的であると判断する一定の前提に基づいており、その達成を当社として約束する趣旨のものではありません。また、実際の業績等は、今後の経済情勢、市場動向に関わるリスクや不確定要因等様々な要因により大きく異なる可能性があります。なお、業績に影響を与える要因はこれらに限定されるものではありません。 ジョルダン株式会社(3710) 令和８年９月…
8076,2026年3月期 決算短信〔日本基準〕（連結）,https://finance-frontend-pc-dist.west.edge.storage-yahoo.jp/disclosure/20260428/20260420507034.pdf,今後の見通しにつきましては、急激な為替変動リスク、国際紛争の長期化など不透明な状況が続くとともに、原材料・エネルギー価格の高止まりや物価の上昇に伴う諸コストの増大による収益の圧迫が想定されます。このような不透明な経済情勢の中でも、当社グループの経営理念である「お客様に第一に求められる企業」を念頭に、より付加価値のあるサービスの更なる向上にグループ一丸となって取り組んでまいります。 以上により、20…
7486,2026年３月期 決算短信〔日本基準〕（連結）,https://finance-frontend-pc-dist.west.edge.storage-yahoo.jp/disclosure/20260512/20260429514061.pdf,次期の見通し 我が国の経済環境は、イスラエル・アメリカによるイラン攻撃に起因する原油価格の推移及び物価上昇の行方を見守る状況となり、先行き不透明な状況が継続すると思われます。また、これらがもたらす消費活動や企業活動の動静は当社グループの事業活動に大きく影響を及ぼす可能性があります。 こうした状況の中、当社グループは資本コストと株価を意識した経営に努め「中期経営計画（2025-2027）」の２年目の…
7985,2026年3月期決算短信[日本基準]（連結）,https://finance-frontend-pc-dist.west.edge.storage-yahoo.jp/disclosure/20260514/20260423509648.pdf,今後の見通しにつきましては、イラン軍事衝突の長期化懸念から、日本国内においても原油利用製品の供給不足及び価格高騰、更には為替相場の円安傾向に伴う輸入物価上昇といった景気下振れが懸念され、先行き不透明な状況となっています。一方、社会環境では、農業界におきましても温室効果ガス削減対応が急務となっており、その推進目標等は農林水産省により「みどりの食料システム戦略」として公表されています。 このような状況…
7957,2025年12月期決算短信〔日本基準〕(連結),https://finance-frontend-pc-dist.west.edge.storage-yahoo.jp/disclosure/20260213/20260213559225.pdf,今後の見通し 今後の経営環境につきましては、わが国経済は緩やかな回復基調の継続が期待されますが、一方で、国内物価の 高騰に加え、国際情勢における地政学リスク、欧州や中国の景気動向、米国の通商政策の影響ならびに金融資本市 場の変動等により依然として先行き不透明な状況が続くことが予想されます。 このような環境のなか、当社は2026年12月期を初年度とする新たな中期経営計画を策定いたしました。詳細につ …
3131,2026年３月期 決算短信〔日本基準〕（連結）,https://finance-frontend-pc-dist.west.edge.storage-yahoo.jp/disclosure/20260513/20260511521589.pdf,今後の見通し今後の事業環境につきましては、メモリー市況の動向や調達環境の変化が、引き続き当社グループの業績に影響を与えるものと認識しております。2026年３月期においては、主にメモリー市況の変動等を背景とした調達環境の変化により、原価率が上昇したことから、売上総利益率は低調に推移し、調整局面となりました。こうした事業環境や当連結会計年度の状況を踏まえ、2026年５月13日付で新たな中期経営計画を公…
5969,2026年3月期決算短信〔日本基準〕（連結）,https://finance-frontend-pc-dist.west.edge.storage-yahoo.jp/disclosure/20260512/20260508520270.pdf,今後の見通し今後の経済情勢につきましては、資材価格高騰等による物価の上昇、ウクライナや中東情勢の緊迫化による原油価格の高止まりや、米国による関税政策によって、世界経済への影響は、より一層、先行きが不透明な状況となっております。このような見通しの中、当社グループでは、経営ビジョン「モノづくりのプロに応え、モノづくりの愉しさを育む」、経営スローガン「私たちは工具を通じ、あらゆるモノづくりの要求に応える…
7885,2026年３月期 決算短信〔日本基準〕（連結）,https://finance-frontend-pc-dist.west.edge.storage-yahoo.jp/disclosure/20260511/20260510521128.pdf,今後の見通しにつきましては、米国の通商政策の動向や円安も加わり、国内の消費者物価上昇等、経済環境は急速に変化しております。また、イランでの紛争を発端とする中東情勢の緊迫化は、原油価格の急騰や電子デバイス関連の材料市場のサプライチェーンの混乱等、大きな影響が懸念されております。 このような状況のなか、当社グループでは、第76期（2029年３月期）を最終目標年度とする中期経営計画「ONE TAKANO…
3134,2026年４月期　第３四半期決算短信〔日本基準〕(連結),https://finance-frontend-pc-dist.west.edge.storage-yahoo.jp/disclosure/20260313/20260313581414.pdf,業績見通し等の将来に関する記述は、当社が現在入手している情報及び合理的であると判断する一定の前提に基づいており、当社としてその実現を約束する趣旨のものではありません。実際の業績等は様々な要因により大きく異なる可能性があります。業績予想の前提となる条件および業績予想のご利用にあたっての注意事項等については、添付資料Ｐ４「１．経営成績等の概況（３）連結業績予想などの将来予測情報に関する説明」をご覧くだ…
6325,2026年３月期 決算短信〔日本基準〕（非連結）,https://finance-frontend-pc-dist.west.edge.storage-yahoo.jp/disclosure/20260430/20260428513867.pdf,今後の見通し 次期事業年度は2033年3月期に迎える創業120周年を見据えた長期経営計画「Offensive120」における第２期中期事業計画（2027年３月期から2029年３月期まで）の初年度となります。 当社は、第１期中期事業計画における課題と反省を踏まえ、「成長軌道への回帰」を実現すべく、『変革スピードを加速し 確かな成長軌道へ Offensive120』をスローガンに、成長戦略を着実に推進…
6797,2026年３月期  決算短信〔日本基準〕（連結）,https://finance-frontend-pc-dist.west.edge.storage-yahoo.jp/disclosure/20260512/20260512525860.pdf,今後の見通し 当社グループを取り巻く環境は、道路建設など新規投資が減少し、維持更新需要にシフトしつつあります。また、近年甚大化する自然災害に対する防災対策や、労働力不足、脱炭素社会への対応といった社会課題の解決が急務となっております。さらには、自動運転等の新たなモビリティの進展など大きな転換期にあります。 当社グループは創立80周年を迎え、長年培ってきた道路交通安全分野における経験と技術を土台に、…
7628,2026年３月期決算短信〔日本基準〕(連結),https://finance-frontend-pc-dist.west.edge.storage-yahoo.jp/disclosure/20260512/20260512525823.pdf,今後の見通し 今後の世界経済は、中国経済の減速基調、米国通商政策の不確実性に加え、イラン情勢の混迷に伴いガソリンや 原油由来の原材料の品薄感や価格高騰が顕在化しつつあり、先行きの不透明感が更に高まっています。日系自動車 メーカーの生産は、日本、米州では比較的堅調に推移していますが、地場メーカーを含めた過当競争が続いている 中国、需要低迷が続くアセアン市場では減少が続いており、今後のイラン情勢次第で…
6276,2025年12月期　決算短信〔日本基準〕（連結）,https://finance-frontend-pc-dist.west.edge.storage-yahoo.jp/disclosure/20260216/20260213562201.pdf,今後の見通し「（１）当期の経営成績の概況」に記載の通り、当社において固定資産の減損損失を計上することといたしましたが、近年の業績低迷の状況を鑑み、役員報酬削減や技術開発拠点の再編による事務所コストの低減、研究開発投資の凍結、新規機械・新型ソフトウエア開発に関わる設備・人材投資の削減によりコスト体質の改善を進めてまいりました。さらに、2025年夏に開始した国内事業体制の再構築に伴う希望退職優遇制度を…
7472,2026年３月期 決算短信〔日本基準〕（連結）,https://finance-frontend-pc-dist.west.edge.storage-yahoo.jp/disclosure/20260508/20260430514433.pdf,今後の見通し 半導体市場におきましては、生成ＡＩ関連の需要増に伴うデータセンターの拡張や、新規アプリケーションの開 発が継続し、関連する設備投資は今後も活発に推移するものと予想しております。自動車産業では、ＥＶ（電気自 動車）市場の減速や米国の関税政策による影響など、予断を許さない状況が続いております。しかしながら、ＨＶ （ハイブリッド車）やＡＤＡＳ（先進運転支援システム）関連の設備投資は底堅く推…
6151,2026年3月期決算短信〔日本基準〕(連結),https://finance-frontend-pc-dist.west.edge.storage-yahoo.jp/disclosure/20260515/20260515536485.pdf,今後の見通し当社グループは、「中期経営計画2026」に基づき、成長領域への投資および生産体制の最適化、経営基盤の強化を進めております。一方で、足元では中東情勢をはじめとする地政学的リスクの高まりや、原材料費、エネルギーコスト等の高止まりにより、当社グループをとりまく事業環境は不確実性が高い状況が継続していることに加え、新工場の稼働により、減価償却費等の固定費負担が先行している状況となっております。…
6820,2026年3月期決算短信〔日本基準〕（連結）,https://finance-frontend-pc-dist.west.edge.storage-yahoo.jp/disclosure/20260515/20260515536144.pdf,今後の見通し現下の中東情勢による業績への影響につきましては、物流面で一部影響が見られるものの軽微にとどまっております。一方で、原材料の一部において価格高騰が生じるなど、先行きは不透明な状況にあります。加えて、通商摩擦や地政学リスクなど不確実性を伴う要因は複数存在しておりますが、現時点の製品需要の見通しにつきましては、海外市場は緩やかな回復基調にあり、国内市場においても引き続き底堅く推移するものと見…
2221,2026年３月期 決算短信〔日本基準〕（連結）,https://finance-frontend-pc-dist.west.edge.storage-yahoo.jp/disclosure/20260512/20260512525190.pdf,今後の見通し 米菓業界におきましては、原料米価格の高止まりや調達環境の不透明さが残り負担が大きいなか、人件費や物流費の上昇に加えエネルギーコストの増加も見込まれるなど、採算維持が難しい厳しい事業環境が続いております。 このような環境のもと、当社グループは、中期経営計画の２年目となる第74期において、「一歩先の取組みを確かな力に変えてゆこう！」をスローガンに掲げ、基本方針を『中期経営計画「米(マイ)…
8141,2026年3月期決算短信〔日本基準〕(連結),https://finance-frontend-pc-dist.west.edge.storage-yahoo.jp/disclosure/20260515/20260513530601.pdf,"今後の見通し 当社グループの2027年３月期の連結業績予想につきましては、連結売上高1,260億円、営業利益18億円、経常利 益21億円、親会社株主に帰属する当期純利益14億円を見込んでおります。配当につきましては、連結配当性向50 ％を目途に実施することとして、１株当たり年間配当24.50円を予定しています。 ２．会計基準の選択に関する基本的な考え方 当社グループは、連結財務諸表の期間比較可能性…"
3583,2026年３月期 決算短信〔日本基準〕（連結）,https://finance-frontend-pc-dist.west.edge.storage-yahoo.jp/disclosure/20260512/20260511523336.pdf,今後の見通し 今後の経済環境の見通しにつきましては、米国とイスラエルによるイランへの軍事行動がホルムズ海峡の封鎖を 招き、その結果、原油とナフサなどの供給不足が世界的なエネルギー価格の高騰や原材料の供給リスクとなり、世 界経済の減速懸念が一段と高まっております。また国内においては、人手不足による賃上げや円安進行による原材 料およびエネルギー価格の高騰など、かつてないほどのコスト増加が予想され、当社…
6778,2025年７月期 決算短信〔日本基準〕（連結）,https://finance-frontend-pc-dist.west.edge.storage-yahoo.jp/disclosure/20250911/20250910555450.pdf,今後の見通し 移動体通信市場におきましては、第5世代移動通信方式（5G）の商用サービスが開始され、当初は順調に基地局数も増加しましたが、開発投資は減少傾向にあります。しかしながら、次世代の通信規格となる6Gを見据えた研究活動が開始され、今後は活発な活動が展開されるものと予想されます。（物販セグメント） 物販セグメントにつきましては、引き続き5Gのフラッグシップ製品となる「DuoSIM-5G」など5…
4170,2025年12月期 決算短信〔日本基準〕（連結）,https://finance-frontend-pc-dist.west.edge.storage-yahoo.jp/disclosure/20260213/20260209552253.pdf,今後の見通し 2026年12月期におきましては、企業活動におけるデジタル化の進展が引き続き進むとともに、生成AIをはじめとする新技術の普及が進展することにより、企業のデジタルトランスフォーメーション（DX）推進に対するニーズは、引き続き高い水準で推移するものと見込まれます。このような市場環境の下、当社グループは、成長が見込まれるマーケティングDXの分野において、多様な業種のクライアントに対し、グル…
5945,2026年３月期 決算短信〔日本基準〕(連結),https://finance-frontend-pc-dist.west.edge.storage-yahoo.jp/disclosure/20260514/20260513528751.pdf,今後の見通しにつきましては、米国の関税政策や中東を始めとする世界各地における地政学的リスクの影響によ り、経営環境は依然として予断を許さない状況が続くものと見込まれます。 このような状況下、2026年度は、中期経営計画（2024年度～2026年度）の最終年度となり、「グローバル市場に 対応する販売・技術サポート体制強化による環境に配慮した製品及び高付加価値製品の拡販」に取り組むとともに、 「ＣＯ2…
6158,2026年３月期決算短信〔日本基準〕(連結),https://finance-frontend-pc-dist.west.edge.storage-yahoo.jp/disclosure/20260508/20260508520553.pdf,今後の見通し 当社グループを取り巻く経営環境につきましては、中国におけるプロファイル研削盤の受注が好調に推移してい るものの、イラン情勢の悪化に起因する海上輸送の混乱により、製品の販売および資材の仕入等に影響を受ける可 能性があり、今後の動向を注視する必要があります。 上記状況を注視しつつ、グローバル展開の継続、既存製品の品質向上、生産工程の見直し及び新製品の開発等に 取り組み、売上高及び利益確保…
3892,2025年５月期　決算短信[日本基準](非連結),https://finance-frontend-pc-dist.west.edge.storage-yahoo.jp/disclosure/20250714/20250711513050.pdf,今後の見通し 翌事業年度の見通しにつきましては、主に包装用資材を製造・販売する当社の営業活動は国内外の景気動向に大きく影響を受けるところ、今後のわが国経済は雇用・所得環境が改善に向かうなかで緩やかな景気の持ち直しが期待される一方、米国の通商政策の影響による景気の下振れリスク等引き続き不透明な状況が続くことが予測されます。これらは当社の板紙・美粧ケースの販売を左右する不安要素であり、厳しい経営環境が…
7928,2025年８月期 決算短信〔日本基準〕（連結）,https://finance-frontend-pc-dist.west.edge.storage-yahoo.jp/disclosure/20251014/20250926563011.pdf,次期の見通しにつきましては、売上高は78億50百万円（前期比6.1％減）、営業利益は40百万円（前期は営業損失45百万円）、経常利益は１億10百万円（前期比3.0％減）、親会社株主に帰属する当期純利益は50百万円（前期比6.1％増）を予想しております。(5）利益配分に関する基本方針 当社は、年間配当金10円を下限とし年間配当金を連結配当性向30％以上とすることを利益配分の基本方針としております。 …
3851,令和8年3月期  決算短信〔日本基準〕（連結）,https://finance-frontend-pc-dist.west.edge.storage-yahoo.jp/disclosure/20260515/20260515537162.pdf,"今後の見通し 令和9年3月期の連結業績予想につきましては、下記のように見込んでおります。 売上高 4,784,068千円（前期比32.6％増） 営業利益 296,216千円（前期は409,156千円の営業損失） 経常利益 449,489千円（前期は 55,417千円の経常損失） 親会社株主に帰属する当期純利益 331,591千円（前期は255,582千円の親会社株主に帰属する当期純損失） なお、業…"
3895,2026年3月期 決算短信〔日本基準〕(非連結),https://finance-frontend-pc-dist.west.edge.storage-yahoo.jp/disclosure/20260514/20260513531059.pdf,今後の見通し 2027年３月期につきましては、中東情勢の緊張が続く中、エネルギーや原材料価格の高騰等により、しばらくは 先行き不透明な状況が続くものと思われます。この影響は当社における原材料価格や生産活動に加え、顧客企業の 事業活動にも波及しており、今後の見通し判断が困難な状況にあります。 このような状況を踏まえ、現時点においては合理的な前提のもと業績予想を算定することが困難であることから、 20…
9867,2026年3月期　決算短信〔日本基準〕（連結）,https://finance-frontend-pc-dist.west.edge.storage-yahoo.jp/disclosure/20260508/20260424510841.pdf,今後の見通しにつきましては、雇用・所得環境の改善やインバウンド需要の継続と企業の設備投資の底堅さにより、景気は緩やかな持ち直し基調が続くと思われますが、原材料や物価の上昇に加え、ウクライナ情勢や中東情勢緊迫化をはじめとする地政学リスクの高まり、米国の通商政策による世界経済への影響等、依然として先行きは不透明な状況が続くものと予想されます。このような状況のなか、当社グループは従業員参加による活性化委…
5997,2025年12月期 決算短信[日本基準](連結）,https://finance-frontend-pc-dist.west.edge.storage-yahoo.jp/disclosure/20260212/20260212555505.pdf,今後の見通し） 今後のわが国経済につきましては、社会経済活動が緩やかに回復することにより、企業の設備投資が増加すると見込まれますが、海外情勢の不確実性や為替・金利の動向で原材料の価格や労務費などの物価高が懸念され、先行きは依然として厳しい受注環境が続くものと予想されます。 当社グループとしましては、住宅製品の壁かけ式全熱交換型空気清浄機「えあくるん」、24時間マルチ換気システム「ＤＥＳＩＸ」などの…
7953,2026年３月期　決算短信[日本基準]（連結）,https://finance-frontend-pc-dist.west.edge.storage-yahoo.jp/disclosure/20260514/20260513531073.pdf,今後の見通し 今後のわが国経済の見通しにつきましては、雇用・所得環境の改善や堅調な企業収益を背景に、引き続き緩やか な回復基調で推移すると思われます。しかし、中東情勢の緊迫化に伴う原材料及びエネルギー価格の高騰、物価上 昇による個人消費マインドの低下など、先行きは依然として不透明な状況が続くと予想しています。 このような状況の中、当社グループではサスティナビリティ方針「Repaint the fu…
1887,2025年５月期決算短信〔日本基準〕(連結),https://finance-frontend-pc-dist.west.edge.storage-yahoo.jp/disclosure/20250715/20250715514366.pdf,今後の見通し 当社グループの2025年５月期業績は、建築事業が回復基調に転じて計画を超える利益を計上したほか、関連事業 の販売用不動産等の一部売却や太陽光発電を中心としたエネルギー事業のストック収益などが貢献し、黒字化を達 成しました。一方、土木事業は三期連続の損失計上となり、回復が遅れています。 この度、当社グループでは、2026年５月期からの３カ年経営計画「中期経営計画2027」を策定しました…
1793,2026年３月期 決算短信〔日本基準〕(非連結),https://finance-frontend-pc-dist.west.edge.storage-yahoo.jp/disclosure/20260513/20260512526726.pdf,今後の見通し 今後のわが国経済は、政府による各種経済対策や賃上げの定着による雇用・所得環境の改善、堅 調な企業収益を背景に、景気は緩やかな回復基調で推移することが期待されます。一方、中東情勢 の緊迫化に伴う地政学的リスクの高まりなどにより、世界的なサプライチェーンの混乱やエネルギ ー・資源価格の高騰などが懸念されます。加えて、海外経済の減速リスクなど不確実性も多く、景 気の先行きは依然として不透明…
3417,2026年３月期決算短信〔日本基準〕(連結),https://finance-frontend-pc-dist.west.edge.storage-yahoo.jp/disclosure/20260515/20260514534886.pdf,次期の見通し) 国内経済の次期の見通しにつきましては、人手不足や賃上げを背景に雇用や所得の環境改善が継続しており、国内 需要を中心に景気の回復基調が見込まれます。 しかしながら、中東情勢の不安定化やウクライナ紛争などの地政学的リスクは継続しており、原油や石油化学製品 の供給不安や輸入物価の高騰に対する懸念に加えて、人件費、物流コスト、食料品価格などの上昇による国内インフ レ基調の継続から、消費マイ…
3277,2025年12月期 決算短信〔日本基準〕(連結),https://finance-frontend-pc-dist.west.edge.storage-yahoo.jp/disclosure/20260213/20260212557986.pdf,"業績見通しにつきましては、売上高25,500百万円（前年同期比9.2％増）、営業利益 2,400百万円（前年同期比6.8％増）、経常利益1,900百万円（前年同期比2.6％増）、親会社株主に帰属する当期 純利益1,330百万円（前年同期比2.7％増）を見込んでおります。 （５）利益配分に関する基本方針及び当期・次期の配当 ① 基本方針 当社は、株主の皆さまへの利益還元を重要な経営課題の一つとして位…"
6349,2026年３月期決算短信〔日本基準〕(連結),https://finance-frontend-pc-dist.west.edge.storage-yahoo.jp/disclosure/20260514/20260513529183.pdf,今後の見通し 当社は、長期的展望に立ち、証券印刷機事業で政府関連機関に超長期に渡るサービスを提供すること等のため、 財務・経営基盤への信頼と将来の事業拡大を目的に内部留保の確保を念頭に置きながら、株主の皆様に対し安定か つ充実した利益還元を継続的に行うことを最重要課題の一つと認識しております。当期の期末配当金につきまして は、一株当たり普通配当35円とさせていただくべく、第80回定時株主総会に付議…
7614,2026年１月期　決算短信〔日本基準〕（連結）,https://finance-frontend-pc-dist.west.edge.storage-yahoo.jp/disclosure/20260313/20260313581677.pdf,次期の見通し） 次期（2027年１月期）の見通しにつきましては、日本経済は雇用・所得環境が改善する下で、各種政策の効果もあって、緩やかな回復が続くことが期待されますが、不安定な国際情勢による資源、エネルギー価格の高止まりやインフレの進行、消費マインドの下振れ等、先行きは依然不透明な状況であります。 このような環境の中、当社グループが属する食肉小売業界においては、原材料価格やエネルギー価格の高騰、人…
8075,2026年3月期決算短信〔日本基準〕（連結）,https://finance-frontend-pc-dist.west.edge.storage-yahoo.jp/disclosure/20260513/20260513528305.pdf,今後の見通しにつきましては、日本経済は物価上昇や人手不足の影響により、設備投資や個人消費の持続性には 引き続き注視が必要な状況にあり、また為替動向の変動が企業収益に与える影響にも留意が必要です。自動車分野 においても生産動向は前年度並みの水準にあるものの、外部環境の影響を受けやすい状況が継続するものと見込ま れます。このような事業環境の中、中期経営計画の最終年度となる2027年３月期の連結業績予想…
6360,2026年3月期決算短信〔日本基準〕（非連結）,https://finance-frontend-pc-dist.west.edge.storage-yahoo.jp/disclosure/20260514/20260513529940.pdf,今後の見通しにつきましては、国内経済は雇用・所得環境の改善等を背景に、緩やかな回復基調で推移するこ とが期待される一方、物価動向や金融資本市場の変動、地政学リスクの影響などから、先行きは依然として不透 明な状況が続くものと見込まれます。 包装機械事業におきましては、引き続き菓子食品業界を中心に省人化への設備投資意欲は旺盛であり、変化す る市場要求を的確に捉えた積極的な技術開発投資などにより重点事業…
9414,2026年８月期第２四半期（中間期）決算短信〔日本基準〕(連結),https://finance-frontend-pc-dist.west.edge.storage-yahoo.jp/disclosure/20260409/20260407599704.pdf,業績見通し等の将来に関する記述は、当社グループが現在入手している情報及び合理的であると判断する一定の前提に基づいており、その達成を当社グループとして約束する趣旨のものではありません。また、実際の業績等は様々な要因により大きく異なる可能性があります。業績予想の前提となる条件については、添付資料３ページ「１．経営成績等の概況（３）連結業績予想などの将来予測情報に関する説明」をご覧ください。 日本ＢＳ放…
6907,2026年３月期 決算短信〔日本基準〕（非連結）,https://finance-frontend-pc-dist.west.edge.storage-yahoo.jp/disclosure/20260515/20260515536681.pdf,今後の見通し 今後の経済見通しにつきましては、景気は引き続き緩やかな回復基調で推移することが期待されるものの、中東情勢の緊迫化に伴うエネルギー供給の不安定化や原油価格の上昇等が懸念されており、動向を注視する必要があると見込まれます。 このような環境のもと、当社の主力製品である薄膜製品につきましては、最終製品の需要動向やサプライチェーンの変動等の影響を受けることが想定されます。当社はこうした市場環境…
3641,2026年３月期 決算短信〔日本基準〕（連結）,https://finance-frontend-pc-dist.west.edge.storage-yahoo.jp/disclosure/20260515/20260513530544.pdf,今後の見通しにつきましては、中東情勢の緊迫化や米国政策の動向に対する懸念、原材料価格の高まりや為替変動のリスク等が影響し、直近の市場の先行きは引き続き不透明な状況が続いています。 このような環境の中で、当社グループは、中長期的な戦略に基づき、国内において、一般顧客層へのさらなるユーザー層の拡大を進めていくとともに、台湾等の中国語繁体字圏、アメリカをはじめとする英語圏に加え、中華人民共和国等の中国語…
2654,2026年３月期決算短信〔日本基準〕(連結),https://finance-frontend-pc-dist.west.edge.storage-yahoo.jp/disclosure/20260514/20260513531523.pdf,"今後の見通し イラン戦争による地政学的な緊張により経済の不透明性が高まり、地球規模での温暖化の進行等による異常気象の発 生増加や災害の激甚化が懸念され、予測しづらい状況です。 次期の業績予想につきましては、売上高24,768百万円、営業利益574百万円、経常利益612百万円、親会社株主に帰 属する当期純利益393百万円と見通しております。 なお、上記の業績予想は本資料の発表日現在において入手可能な…"
1376,2025年５月期決算短信[日本基準]（連結）,https://finance-frontend-pc-dist.west.edge.storage-yahoo.jp/disclosure/20250711/20250710511215.pdf,今後の見通し次期（2026年５月期）の見通しにつきましては、種苗事業は輸出を中心とした野菜種子の販売増及び自給飼料の生産拡大による飼料作物種子の販売増、花き事業では家庭園芸向け野菜苗及びユーストマ・デルフィニウムなどの営利栽培用花き種苗の輸出販売増を見込んでおります。また、農材事業では水稲作付けの増加見通しに伴う防除農薬の販売増、施設材事業では気候変動・温暖化の進行による猛暑・寒冷対策の農業資材の…
3953,2026年3月期決算短信〔日本基準〕（非連結）,https://finance-frontend-pc-dist.west.edge.storage-yahoo.jp/disclosure/20260514/20260502517129.pdf,今後の見通し 次期の見通しにつきましては、中東情勢の緊張化等を背景に原油の供給不足やエネルギー価格の更なる上昇、人件費の上昇や金利の動向の影響等により先行きが不透明な状況が続いております。 この様な状況のもと、当社は、小ロット・多品種・短納期を武器に、個性化・多様化しているお客様の段ボールニーズに対していち早く・的確に対応し、より充実したサービスを提供していくことを第一に考えております。この様な見…
6358,2026年３月期 決算短信〔日本基準〕（連結）,https://finance-frontend-pc-dist.west.edge.storage-yahoo.jp/disclosure/20260513/20260512527504.pdf,今後の見通し今後世界の建設機械市場は、短期的には調整局面がしばらく続くものの、中長期的には日本の国土強靭化実施中期計画や防衛整備予算倍増、米国における高水準のインフラ投資、新興諸国におけるインフラ投資と鉱山開発の活発化、更には老朽化インフラの更新需要や自然災害甚大化への対応と復興需要など、建設機械の底堅い潜在需要が期待されますので、景気循環とともに回復するものと予想しております。一方足下では、世界…
5958,2026年3月期　決算短信〔日本基準〕（連結）,https://finance-frontend-pc-dist.west.edge.storage-yahoo.jp/disclosure/20260511/20260430515362.pdf,今後の見通し 今後の経済情勢につきましては、雇用・所得環境の改善や各種政策の効果で緩やかな回復を支 え、景気は回復傾向が続くと期待されております。しかしながら、米国の関税政策をめぐる動向 や中東情勢の緊迫化など国際情勢の不安定な状態が続いており、為替や物価の変動や物流への影 響など依然として景気の先行きは不透明な状況で、前年度より一段と不透明感が増すものと見込 まれます。 当社グループを取り巻く建…
3597,2025年6月期　決算短信〔日本基準〕（連結）,https://finance-frontend-pc-dist.west.edge.storage-yahoo.jp/disclosure/20250808/20250801528073.pdf,今後の見通しにつきましては、円安、原材料等の高騰による物価上昇や、地政学リスクの長期化、米国の通商政策などの影響により、景気の先行きは引き続き厳しい状況が続くものと思われます。 このような環境の中、当社におきましては、「揃わなければユニフォームとは言えない」というユニフォームの基本に立ち返り、「揃う自重堂」の復活に向け、生産体制の再整備・強化に注力してお客様からの信頼を取り戻し、販売機会ロスを低減…
8093,2026年３月期決算短信〔日本基準〕(連結),https://finance-frontend-pc-dist.west.edge.storage-yahoo.jp/disclosure/20260514/20260512526799.pdf,今後の見通し 当グループは、サステナブルな社会の実現と企業価値の向上を目指した中期経営計画「KBKプラスワン2025」で掲 げた事業戦略の実行により、この５カ年を通して着実に成果を出し業績を改善し続けてきました。しかしながら、 脱炭素やデジタル化、地政学リスクの常態化、人手不足といったメガトレンドにより、事業環境は構造的な転換期 を迎えており、持続的な成長と資本効率の向上のためには、ビジネスモデル…
5304,2026年3月期決算短信〔日本基準〕(連結),https://finance-frontend-pc-dist.west.edge.storage-yahoo.jp/disclosure/20260514/20260513529531.pdf,今後の見通し 世界経済は、金融引き締めの影響、地政学的リスクの高まり等により、先行き不透明な状況が続いておりま す。加えて、為替動向や各国の通商政策の変化も、当社グループを取り巻く事業環境に影響を及ぼしておりま す。 当社グループの主要事業においては、アルミニウム製錬用カソードブロックでは競争環境の変化や在庫調整解 消の遅れ、人造黒鉛電極では粗鋼生産の低迷や海外安価品の流入、特殊炭素製品及びファイ…
9478,,,
4925,2026年３月期　決算短信〔日本基準〕（連結）,https://finance-frontend-pc-dist.west.edge.storage-yahoo.jp/disclosure/20260511/20260507517963.pdf,今後の見通し 今後のわが国経済は、雇用・所得環境の改善やインバウンド需要の拡大を背景に、緩やかな回復基調が続くことが期待される一方で、資源・エネルギー価格の高止まり、物価上昇による消費マインドへの影響、為替変動、地政学リスクの長期化など、先行き不透明な状況が継続するものと予想されます。 化粧品・健康食品業界におきましては、外出機会の増加やインバウンド需要の回復を背景に市場の持ち直しが見られる一方、…
4120,2026年３月期　決算短信［日本基準］（非連結）,https://finance-frontend-pc-dist.west.edge.storage-yahoo.jp/disclosure/20260508/20260501516441.pdf,"今後の見通し 当社を取り巻く経営環境は、中東情勢の緊迫化を契機とするホルムズ海峡の閉鎖を受け、原油価格が高騰するなど、景気の下押しリスク、不透明感が強まっています。 次期の総売上高は6,500百万円と当期に比べ67百万円増（1.0%）と微増となる見込みです。 国内売上高は5,625百万円と当事業年度に比べ314百万円（5.3%）の減収を見込んでいます。これは、当期に現場導入を果たした新製品の機能性…"
