コード,来期見通し要約
3600,"これにより次期の連結業績につきましては、売上高5,660百万円（前期比3.4％増）、営業損失187百万円（前期は222百万円の損失）、経常損失88百万円（前期は122百万円の損失）、親会社株主に帰属する当期純損失114百万円（前期は123百万円の損失）を予想しております。"
7034,"国内のビジネスコンサルティング市場におけるニーズは引き続き高く、当社に対してもデジタル、人材育成、オペレーション領域での引き合いが強く、今後も堅調に伸びることが予想されることから、翌連結会計年度（2026年10月期）のコンサルティング事業の業績見通しにつきましては、売上高5,256百万円、営業損失493百万円、親会社株主に帰属する当期純損失521百万円と予想しております。"
9885,次期は売上高は135億円（前年同期比4.4％増）、営業利益は1億40百万円、経常利益は1億80百万円、親会社株主に帰属する当期純利益は1億10百万円を予想しております。
3189,
1897,このような状況のもと、次期の業績につきましては、受注工事高115億円、売上高105億円、営業利益1億円、経常利益3億2千万円、親会社株主に帰属する当期純利益2億円を見込んでおります。
7297,"以上を踏まえ、次期の連結業績見通しとしましては、売上高15,380百万円(前年同期比5.6％増)、営業利益833百万円(前年同期比38.0％増)、経常利益886百万円(前年同期比35.7％増)、親会社株主に帰属する当期純利益569百万円(前年同期比102.7％増)となる見込みです。"
2484,こうした状況を踏まえ、2026年８月期の連結業績予想は、現時点で想定しうる範囲内において、売上高は441億円（前年比111％）（クーポン費用を売上高から減額しなかった場合の売上高489億円（前年比111％））、営業利益は△40億円を見込んでおります。
6513,次年度の当社グループの通期業績予想につきましては、売上高280億円、損益は営業利益2億円、経常利益5億5千万円、親会社株主に帰属する当期純利益は1億円を見込んでおります。
6771,次期は中東情勢をはじめとする地政学的リスクを注視する必要があるほか、金融資本市場の変動や米国の通商政策をめぐる動向による影響等にも引き続き留意が必要な状況です。
2055,次期は先行きの見えない外国為替相場に加え、不安定な国際情勢により引き続き厳しい状況であります。来期の業績は、売上高500億円、営業利益５億円、経常利益５億円、親会社株主に帰属する当期純利益３億円を見込んでおります。
8617,国内景気の先行きについては、雇用・所得環境の改善や各種政策の効果が緩やかな回復を支えることが期待されますが、中東情勢の影響を注視する必要があります。
6986,次期は緩やかな景気回復傾向が継続するものの、中東情勢の緊迫化をはじめとする地政学的リスクの高まりおよびそれに伴う各種コストの増加、米国の関税政策をめぐる動向など、企業を取り巻く事業環境は依然として先行き不透明な状況が続くものと考えられます。
5956,次期は国内経済は雇用・所得環境の改善や各種政策等により引き続き緩やかな回復基調にて推移すると見込まれるものの、米国の通商政策や不安定な国際情勢に伴う世界的な景気下振れや原材料・エネルギー価格の高騰、為替変動など、先行きは極めて不透明な状況が続くと想定されます。
7399,国際情勢の不安定化や金融政策の転換による先行き不透明感の中、物価上昇や需要の選別化が進み、今後とも収益を圧迫する状況は続くと思われます。
7427,
6943,次期は各国での物価上昇の継続に加え、米国における関税をはじめとする通商政策が世界経済に与える影響、ウクライナ情勢の長期化や中東情勢の緊迫化等の地政学リスク、中国の景気低迷の長期化懸念など、世界経済の不確実性が高まると見込んでおります。
5658,"次期は連結売上高35,000百万円、連結営業利益1,450百万円、連結経常利益2,000百万円、親会社株主に帰属する当期純利益1,200百万円を見込んでおります。"
2788,"当社グループを取り巻く事業環境は、国際情勢不安の長期化や海外経済の減速、資源価格の高騰等、国内外の経済環境は依然として先行き不透明な状況が続くものと思われます。につきましては、売上高35,856百万円、営業利益769百万円、経常利益930百万円、親会社株主に帰属する当期純利益615百万円を見込んでおります。"
8881,"国内経済は引き続き回復基調のまま推移することが見込まれます。こうした環境のもと、中期経営計画の最終年度となる2027年３月期の見通しにつきましては、連結売上高88,000百万円、営業利益6,000百万円、経常利益5,000百万円、親会社株主に帰属する当期純利益3,500百万円を見込んでいます。"
8917,次期は土地価格や建築資材価格等が高止まりし、金利も上昇傾向にある中、住宅の購入には慎重な姿勢が続いており、中低価格の戸建市場の回復はまだ時間を要するものと予想されます。
5900,次期以降の経営環境につきましては、中東情勢などの地政学的リスクの高まりや人手不足と人件費の上昇から、物価、物流費などの高止まりが続く中、円安傾向の為替相場や金利の上昇などの影響も相まって、引き続き調達コストにおいて厳しい環境が見込まれます。
7879,"次期の連結業績見通し（2026年11月期）当連結会計年度の通期連結業績（2025年11月期）増減額増減率65,000百万円64,686百万円＋313百万円＋0.5％600 500 200△47△29△829＋647＋529＋1,029―――売上高営業利益経常利益親会社株主に帰属する当期純利益（５）利益配分に関する基本方針及び当期・次期の配当当社の利益配分に関する基本方針は、業績の状況及び配当と内部留保のバランスに配慮しながら、配当の安定性を確保するとともに、株主の皆様への利益還元を行うことです。"
5921,"第１次中期経営計画の最終年度となる来期の完成工事高22,000百万円、営業利益1,000百万円、経常利益1,150百万円、当期純利益800百万円を見込んでおります。"
6222,今後の世界経済見通しにつきましては、緩やかな景気回復傾向にあるものの、中東情勢の緊迫化による地政学リスクの高まりなど先行きは不透明な状況が継続すると思われます。
5753,前提よりも相場価格が上昇した場合は、販売数量が計画通りであっても売上高は増加し、また、相場差益が発生するため営業利益が計画よりも増加する一方、相場変動リスクを打ち消すための、デリバティブ取引によるデリバティブ損失を営業外費用として計上することになります。
5962,次期は引き続きインバウンド需要や雇用・所得環境の改善により、景気は緩やかながらも回復基調が続くことが期待されるものの、原材料やエネルギー価格の高止まりによる仕入価格の上昇や為替変動の他、地政学的リスクの長期化や国際情勢の不安定化等、見通しは依然として不透明な状況が続くものと見込まれます。
8013,次期は雇用・所得環境の改善が期待される一方で、物価上昇の継続、為替変動、海外経済の不確実性に加え、中東情勢の動向によるエネルギー価格や物流コストへの影響などが懸念される状況にあります。
8746,当社グループの業績は、金融市場の動向に大きな影響を受け、適正な業績予想を行うことが非常に難しいことから、連結業績予想の開示は控えさせていただいております。
6390,そのような状況下、市場全般における建設機械需要の急激な増加は見込めないものの、当社が足元で開発を進めていた新型油圧ショベルシリーズの国内市場への投入、インド事業の操業開始に加え、近年低迷していた米国市場の需要回復が相応に期待できることから、売上高は前期比8.3％増となる610億円を見込んでおります。
8040,次期は雇用・所得の改善が進む中、景気は緩やかに回復していくことが期待されます。次期の業績につきましては、売上高162億円、営業利益3億50百万円、経常利益4億50百万円、親会社株主に帰属する当期純利益3億50百万円を見込んでおります。
8138,次期の業績予想につきましては、売上高280億円（前年同期比2.9％増）、営業利益５億２千８百万円（前年同期比2.9％増）、経常利益６億８百万円（前年同期比3.3％減）、親会社株主に帰属する当期純利益３億９千１百万円（前年同期比48.0％減）を見込んでおります。
6249,"以上により今期の連結業績の見通しにつきましては、売上高21,000百万円（前年同期比17.3％減）、営業利益3,000百万円（同33.8％減）、経常利益3,500百万円（同31.2％減）、親会社株主に帰属する当期純利益2,400百万円（同26.4％減）を見込んでおります。"
4102,"次期は雇用・所得環境の改善により、景気は緩やかに回復局面が続くと思われます。それらを踏まえ、2027年３月期連結業績見通しは売上高13,000百万円、営業利益100百万円、経常利益250百万円、親会社株主に帰属する当期純利益150百万円を見込んでおります。"
7902,以上により、当社の2027年３月期の業績の見通しにつきましては、売上高27億円、営業利益１億90百万円、経常利益２億60百万円、当期純利益１億80百万円を見込んでおります。
3787,以上により、2027年３月期の通期業績見通しにつきましては、売上高705百万円（前期比2.8％増）、経常利益34百万円（前期比68.0％減）、当期純利益31百万円（前期比64.
6155,日本経済の先行きについては、雇用・所得環境の改善により個人消費が緩やかに増加し、人手不足への対応や成長分野への投資を背景として企業の設備投資も底堅く推移することから、内需を中心に回復基調が続くものと見込まれます。
6049,当社は、2026年10月期において広告単価の高騰が継続していることより、投資効率を最適化し安定した利益確保を目指す方針でおります。それに伴い、売上高についてはレンジ形式による業績予想開示を継続してまいります。
8144,国内経済は、持続的な賃上げと内需の底堅さに支えられ、プラス成長が続くと予想される一方で、軍事衝突や資源供給の混乱が長期化する可能性もあり、中東情勢の動向とそれに伴う資源価格・物流の変化が今後の景気に与える影響が懸念される状況となっております。
8891,"上記検討に基づき、2027年３月期の連結業績予想につきましては、売上高29,000百万円、営業利益1,200百万円、経常利益1,000百万円、親会社株主に帰属する当期純利益667百万円を見込んでおります。"
5280,）今後の経営環境につきましては、ウクライナ情勢や中東情勢の影響、中国経済の成長の鈍化、および米国の政策の動向などもあり、景気の先行きは不透明な状況が続くと思われます。
6964,中国自動車メーカーの伸長、中東情勢も先行きが見通せず厳しい事業環境となっております。
5909,今後のわが国経済は、雇用・所得環境の改善が期待されるなど、緩やかな回復基調が続くことが考えられます。
6257,次期は中東をはじめとした世界情勢の動向による原材料価格の上昇や供給面での制約など下振れリスクに注意が必要な状況でありますが、政府主導の対策による実質所得の改善やＡＩの活用など技術革新の進展により、緩やかな景気回復が続くと見込まれます。
5923,【中期経営計画2024の進捗】＜総括＞橋梁事業における新設鋼橋の事業環境が低迷を続けており、策定時の予想と大きく乖離したことで、2024年５月10日に開示した「中期経営計画2024」の数値目標につきましては、本日修正目標を開示しております。
3396,主力の定期便事業では、合理性や効率性が重視される現代社会に対して、コストパフォーマンスや利便性のみを訴求する事業とは一線を画した共感主導型マーケティングを徹底することにより、当社独自の持続的な競争優位性を確立してまいります。
8904,次期は売上高は720億円（前年同期比3.9％増）、営業利益は19億円（前年同期比44.6％増）、経常利益は16億円（前年同期比39.6％増）、親会社株主に帰属する当期純利益は12億円（前年同期比87.7％増）を見込んでおります。
8165,売上高につきましては、通信販売事業の抜本改革に伴う各施策の本格的な効果発現時期を慎重に見極めた結果、再生計画２年目の数値目標460億円から450億円へ見直します。
8772,（単位：千円）２．会計基準の選択に関する基本的な考え方当社グループは、連結財務諸表の期間比較可能性等を考慮し、日本基準に基づき連結財務諸表を作成しております。
7851,"現時点における翌事業年度の業績の見通しは、売上高は2,650百万円、利益につきましては雇用環境の改善やサイバーセキュリティ対策、原材料、光熱費等の高騰などにより利益を圧迫するものと予想しており、営業利益０百万円、経常利益20百万円、当期純利益30百万円を見込んでおります。"
4234,次期は売上高306億円（前年同期比0.8％増）、営業利益９億40百万円（前年同期比12.3％増）、経常利益11億円（前年同期比7.7％増）、親会社株主に帰属する当期純利益６億50百万円（前年同期比32.1％減）を予想しております。
3261,当社グループを取り巻く経営環境は、建築資材価格および人件費の上昇が継続する中、住宅販売価格は高止まりの状況が続いております。
9767,"次期の連結業績につきましては、型枠貸与事業の売上高は2,000百万円（前期比31.0％増）、製品販売事業の売上高4,700百万円（前期比0.3％増）、全売上高6,700百万円（前期比7.9％増）を予想しております。"
5408,"以上の状況を踏まえ、次期（2027年３月期）の通期連結業績につきましては、売上高1,570億円、営"
5928,２．会計基準の選択に関する基本的な考え方当社は、非連結会社であることから、日本基準を採用することが公正妥当であると考えております。
7442,当連結会計年度の業績は、営業面におきましては、グループ全社において消費者の価値観・需要に合った商品の販売や取引先への営業展開等が順調に進み、また、特に「家庭用品卸売事業」においては、期末にかけて石油由来の一部商品に関して先行きの供給不安を見越した前倒し需要が顕在化し、売上高が一時的に伸長した結果、売上高は2025年５月９日公表の連結業績予想を上回ることができました。
2388,今後の世界経済は、アメリカによる関税措置の影響や、ロシア・ウクライナ紛争も継続しており、インフレーションに影響を与えうる可能性があり、先行き不透明な状況で推移すると予測しております。
4624,今後の経済の見通しにつきましては、2026年3月からの買い込み需要の反動が懸念され、中東情勢による原油等の供給不安をはじめ、ウクライナ情勢の長期化や原油価格をはじめとするエネルギー価格の動向、物流・運送業界をとりまく2024年問題の更なる顕在化、通商政策など米国の政策動向がわが国経済に与える影響が見通せず、先行きは極めて不透明な状況であります。
7219,加えて、長期化する円安が原材料価格やエネルギー価格等に与える影響や、売り手市場が続く労働市場における賃金上昇圧力等も当社の損益に影響を与えており、これらの不確実性にどう対処し、コスト上昇圧力とどう向き合っていくかが、当社の企業価値を高めていく上での重要なテーマとなります。
7857,こうした状況下、２０２７年３月期の連結業績予想につきましては、売上高は１２８億４千５百万円（前年同期比５．９％増）、営業利益は４百万円（前年同期は６千５百万円の営業損失）、経常利益は２億３千５百万円（前年同期比２３．７％増）、親会社株主に帰属する当期純利益は１億３千５百万円（前年同期比４６．６％減）を見込んでおります。
6467,金型事業では、自動車産業の状況を踏まえ、製品領域を広げ顧客開拓を一層推進し、売上高の増加を見込んでおります。
7266,"第90期（2026年４月１日から2027年３月31日まで）連結売上高86,000百万円（前期比1.3％減）連結営業利益3,000百万円（前期比47.2％増）連結経常利益2,800百万円（前期比32.0％増）親会社株主に帰属する当期純利益2,300百万円（前期比7.3％減）為替レートにつきましては、１ドル150円を想定しております。"
9914,一方で、政府の成長投資や継続的な賃上げ、雇用環境の改善により、家計の実質購買力を支えることが出来れば、景気は底堅さを保つ見込みとなります。
8995,"当連結会計年度自2025年４月１日至2026年３月31日2027年３月期予想自2026年４月１日至2027年３月31日前期比増減額前期比増減率3,130百万円3,535百万円405百万円12.9％41百万円37百万円25百万円115百万円74百万円180.5％105百万円68百万円183.8％70百万円45百万円180.0％売上高営業利益経常利益親会社株主に帰属する当期純利益2027年３月期については、上記の通り増収、増益計画であります。"
1994,次期は売上高は82億42百万円（前連結会計年度比12.3%増）、営業利益2億18百万円（前連結会計年度比93.5%増）、経常利益2億68百万円（前連結会計年度比43.6%増）、親会社株主に帰属する当期純利益1億66百万円（前連結会計年度比12.9%減）を見込んでおります。
9162,当社グループは、新規商材・新規ジャンルの開拓に加えて、商品企画等の上流コンサルティング領域への注力、新たな広告媒体の開拓、マーケティング手法の拡大などにより、商材ポートフォリオを拡大し、当社グループの収益の柱となるコア商材を増やしていくことで継続的な業績拡大を図ってまいります。
8046,当社グループでは、2024年度（2025年３月期）からスタートした３か年中期経営計画の２年目が終了し、最終年度末の目標に掲げた定量的目標数値の連結売上高400億円、経常利益20億円の目標を前倒しで達成したことから、経営基盤の強化と成長に向けた投資の取り組みが着実に成果に結びついているものと判断いたしております。
8147,次期の通期の連結業績予想につきましては、売上高246億円、営業利益10億円、経常利益11億円、親会社株主に帰属する当期純利益６億８千万円を見込んでおります。
7624,このような認識のもと、当社は新中期経営計画の初年度として令和９年２月期の売上高は450億円、営業利益４億円、経常利益４億30百万円、親会社株主に帰属する当期純利益２億70百万円を見込んでおります。
8119,その結果、次期連結業績としては売上高365億円（前期比0.5%増加）、営業利益10億円（前期比26百万円減少）、経常利益10億円（前期比156百万円減少）、親会社株主に帰属する当期純利益7億円（前期比131百万円増加）となる見込です。
4341,（5）利益配分に関する基本方針及び当期・次期の配当当社は、株主の皆様に対する利益還元を経営の最重要政策の一つと考えており、会社の競争力を維持・強化して株主資本の拡充と同利益率の向上を図るとともに、配当水準の向上と安定化に努める方針です。
7229,"（２）当期の財政状態の概況①資産、負債及び資本の状況当連結会計年度末の資産につきましては、退職給付に係る資産の減少はあったものの、現金及び現金同等物の増加や営業債権及びその他の債権の増加により、前連結会計年度末に比べ176億９百万円増加し、1,860億１千６百万円となりました。"
7538,"次期は中東情勢や為替の変動により、資材価格や物流費の上昇が懸念されます。このような状況下、2027年３月期の連結業績見通しは、売上高1,060億円、営業利益８億円、経常利益９億50百万円、親会社株主に帰属する当期純利益６億50百万円と予想しております。"
9929,アメリカの通商政策の動向や中東情勢の緊迫化等の地政学的リスクの継続、金利および為替相場の変動、原材料価格の高騰による物価上昇等により、経済活動への懸念は今後も続いていくものと思われます。
7877,以上の状況を踏まえ、2027年３月期の連結業績見通しについては、売上高95億円（前期比3.0％増）、営業利益５億円（前期比4.8％増）、経常利益５億円(前期比1.4％増)、親会社株主に帰属する当期純利益３億50百万円（前期比4.8％増）を見込んでおります。
9872,次期は景気は緩やかな回復基調で推移すると見込まれる一方、資源・原材料価格高騰に伴う物価上昇、為替・金利の変動、海外経済の不透明感など、事業環境は引き続き変動要因が多い状況が続く見込みです。につきましては、売上高593億円、営業利益７億20百万円、経常利益９億10百万円、当期純利益５億60百万円を見込んでおります。
6262,は不透明な状況ではありますが、当社企業グループは、顧客課題解決に向けた商品開発及び技術向上を図るとともに、グローバルな生産供給体制の強化を通じて安定的かつ柔軟な事業運営基盤の構築に取り組んでまいります。以上を踏まえ、2027年３月期の連結業績見通しは、連結売上高221億80百万円、営業利益８
4839,①新たな配信サービスの立ち上げとデジタル基盤の確立新サービスへのマーケティング投資の集中と、デジタル領域での顧客獲得の最大化②コンテンツ多層化による事業収入の創出収益性の高いコンテンツ外部販売や広告事業の強化③コスト構造改革コンテンツ費等全社的な費用構造の見直しと固定費の削減④ＡＩ・ＤＸ活用による生産性向上ＡＩ活用・ＤＸ化の全社推進による事業基盤の強化⑤グループ各社の収益基盤の再構築グループ各社における「グループ外売上（外販）」の推進2027年３月期の連結業績見通しにつきましては、売上高745億円（前期比3.4％減）、営業利益７億円（同49.2％減）、経常利益10億円（同56.1％減）、親会社株主に帰属する当期純利益６億円（同53.7％減）を見込んでおります。
6228,２．会計基準の選択に関する基本的な考え方当社グループは、連結財務諸表の期間比較可能性及び企業間の比較可能性を考慮し、当面は、日本基準で連結財務諸表を作成する方針であります。
2193,当社グループは、日本を含む世界中の人々に向けて「毎日の料理を楽しみにする」サービスを提供するべく積極的に投資を行っていく所存です。
2499,）当社は市場規模が縮小傾向にある和装業界に属しながら、独自のビジネスモデルによって、業界内では比較的安定した営業利益（2023年度393百万円、2024年度480百万円、2025年度375百万円）を計上しております。
7991,以上を踏まえ当社グループは、2027年３月期の連結業績につき、売上高は170億円（前期比18.6％減）、営業利益は９億円（前期比52.2％減）、経常利益は15億円（前期比37.2％減）、親会社株主に帰属する当期純利益は12億円（前期比29.9%減）と予想しております。
7887,今後の我が国の経済情勢は、賃金・雇用情勢の改善や企業設備投資の拡大傾向を背景に、緩やかな回復が見込まれます。
7841,次期は売上高210億円（前期比15.1％増）、営業利益11億50百万円（同12.0％増）、経常利益12億50百万円（同8.9％増）、親会社株主に帰属する当期純利益10億円（同66.4％増）を見込んでおります。
6346,次期の経営環境につきましては、世界各国で起こっている紛争の行方が見通せず、それに伴うエネルギー・物流網の構造的な脆弱性に対応するためには、効率重視のサプライチェーンから、戦略的な在庫確保や供給網の多極化への転換が、我が国の産業界においての優先課題となると思われます。なお、次期の業績予想につきましては、売上高45億円、営業利益4億
6054,）当社グループは、中長期的な持続成長の実現と企業価値向上のため、既存事業の収益基盤を強化しつつ、新たな強みと収益源を獲得することを目指しています。
5918,当社グループを取り巻く事業環境につきましては、国内において慢性的な人手不足や入札競争の激化といった構造的課題に加え、建設コストの上昇や投資判断の慎重化を背景として、民間建設投資や鉄骨需要は力強さを欠いた推移が見込まれております。
4231,"今後の経済の見通しは、中東情勢の緊迫化に伴い、エネルギー価格高騰、物流コスト増加、サプライチェーン混乱などが想定され、先行き不透明な経営環境が予想されます。なお、現時点における連結業績予想は、売上高50,000百万円、営業利益3,000百万円、経常利益3,300百万円、親会社株主に帰属する当期純利益2,400百万円を見込んでおります。"
2917,"次期(2026年９月期)の連結業績見通しにつきましては、売上高18,000百万円、営業利益371百万円、経常利益321百万円、親会社株主に帰属する当期純利益196百万円を見込んでおります。"
1420,)次期の住宅業界は、緊迫化する中東情勢による原油価格やナフサ価格の上昇や石油化学製品の納期への影響等、不透明な状況が想定されます。
6867,"2027年３月期の通期業績予想につきましては、売上高4,100百万円、経常利益100百万円、親会社株主に帰属する当期純利益70百万円と見込んでおります。"
3439,
1758,③今回の中期経営計画では、環境サステナブル経営を長期ビジョンとする「安定成長・100年企業」の礎を築く３年間と位置付けており、「量」と「質」の両面からの向上をめざすものであります。
7871,世界経済は、米中の経済的対立の深化や各国の金融政策の調整過程にある中、２月下旬に端を発したイラン情勢の劇的な悪化により、地政学的緊張が一段と高まっております。
7347,"このような環境の中、翌連結会計年度（2026年12月期）の連結業績見通しにつきましては、営業収益5,000百万円（前年同期比30.7％減）、営業総利益4,900百万円（前年同期比27.3％減）、営業利益1,500百万円（前年同期比40.4％減）、経常利益1,500百万円（前年同期比41.3％減）、親会社株主に帰属する当期純利益1,000百万円（前年同期比40.6％減）を予想しております。"
8135,"翌連結会計年度（2026年３月期）の連結業績の見通しにつきましては、売上高59,500百万円（前期比1.4％増）、営業利益980百万円（前期比21.7％減）、経常利益1,200百万円（前期比17.9％減）、親会社株主に帰属する当期純利益830百万円（前期比14.9％減）を予想しております。"
3320,以上により、中期経営計画２年目に当たる2027年１月期の連結業績見通しにつきましては、売上高630億円、営業利益14億円、経常利益16億50百万円、親会社株主に帰属する当期純利益14億50百万円を見込んでおります。
9854,今後のわが国経済につきましては、米国の通商政策の動向や中東情勢等の地政学リスクの長期化に伴う原材料価格の高騰など、不安定な国際情勢の中にあります。
3426,"次期は売上高10,500百万円（前期比2.0％増）、営業利益350百万円（前期比32.1％減）、経常利益400百万円（前期比28.7％減）、当期純利益270百万円（前期比30.9％減）を見込んでおります。今後とも当社は、全社一丸となって業績と株主利益の向上に努めて参ります。"
5541,連結業績予想につきましては、中国における不動産市場の停滞、金融資本市場の動き、米国の関税措置、ウクライナ情勢の緊迫化、さらには中東情勢の長期化も懸念され、複合的な要因に伴う影響を受けて世界的に依然不確実性が高い状態で推移しております。
4629,上記の状況を踏まえまして、2027年３月期の業績は、売上高360億40百万円、営業利益13億円、経常利益13億50百万円、親会社株主に帰属する当期純利益８億10百万円を見込んでおります。
5971,
7531,このような状況を踏まえ、2026年12月期の連結業績予想につきましては、売上高510億円、営業利益４億40百万円、経常利益５億40百万円、親会社株主に帰属する当期純利益３億60百万円を見込んでおります。
4569,
7434,次期は企業収益が高い水準を維持していることや企業の積極的な賃上げが継続していることなどから、景気は引き続き緩やかに回復していくと思われます。次期連結業績見通しにつきましては、売上高340億円、営業利益10億円、経常利益12億20百万円、親会社株主に帰属する当期純利益８億60百万円を見込んでおります。
3246,"次期（2027年１月期）の連結業績見通しにつきましては、売上高10,350百万円、営業利益545百万円、経常利益664百万円、親会社株主に帰属する当期純利益440百万円を見込んでおります。"
6342,今後の我が国経済の見通しといたしましては、産業全体の先行きにかかる見通しは上向きであり、底堅い設備投資意欲に支えられゆるやかな回復基調の継続が予想される一方で、緊迫化する中東情勢を背景に原材料・エネルギー価格の高止まり、とりわけ石油関連の物流停滞および石油由来の製品不足が懸念されるなど、先行きの不透明な環境が見込まれます。
5984,次期の連結業績見通しにつきましては、為替レートを１米ドル＝150円、１ユーロ＝180円の想定のもと、売上高は220億円（前年同期比5.0％増）、営業利益は11億円（前年同期比0.8％増）、経常利益は11億円（前年同期比18.2％減）、親会社株主に帰属する当期純利益は９億円（前年同期比12.8％減）を想定しております。
5697,"なお、2027年3月期の業績見通しにつきましては、売上高は26,500百万円（当期比3.6％増）、営業利益900百万円（当期比1.5％増）、経常利益1,000百万円（当期比3.5％増）、親会社株主に帰属する当期純利益620百万円（当期比1.3％増）を見込んでおります。"
3420,①通期の見通し今後の見通しにつきましては、雇用環境の改善や賃金動向の変化などを背景に、緩やかな回復が続くことが期待されます。
1850,次期は国内経済は緩やかな回復基調のまま推移することが見込まれ、建設業界におきましても、堅調な企業収益や省力化投資への対応等を背景に、持ち直しの傾向が続くことが期待されます。
7937,"以上により、業績の見通しにつきましては、売上高31,300百万円（前期比11.1％減）、営業利益4,000百万円（前期比23.7％減）、経常利益4,200百万円（前期比22.2％減）、当期純利益2,800百万円（前期比24.1％減）を見込んでおります。"
4224,以上のことから、2027年3月期の連結業績予想につきましては、売上高225億円（前期比1.8%増）、営業利益14億円（前期比4.2%増）、経常利益15億円（前期比4.1%増）、親会社株主に帰属する当期純利益10億50百万円（前期比3.0%増）を見込んでおります。
4705,"教育事業は、通期の平均生徒数が、当期5,706名から、次期5,843名となる見込から、売上高23億36百万円（当連結会計年度比3.4％増）と見込んでおります。"
7670,"以上の状況を踏まえ、2027年３月期の連結業績予想につきましては、売上高は71,000百万円（当期比4.0％増）、営業利益は1,250百万円（当期比0.9％減）、経常利益は1,450百万円（当期比14.3％減）、親会社株主に帰属する当期純利益は1,600百万円（当期比11.0％減）を見込んでおります。"
2795,①次期(2027年３月期)の連結業績見通しについて次期(2027年３月期)の連結業績見通しにつきましては、売上高71億70百万円、営業利益５億0百万円、経常利益５億60百万円、親会社株主に帰属する当期純利益３億75百万円を見込んでおります。
3758,
5951,これにより通期の業績見通しにつきましては、売上高205億円（前期比2.1％増）、営業利益13億円（同28.3％減）、経常利益16億円（同23.1％減）、当期純利益12億円（同20.3％減）を予定しております。
7435,
7422,当社を取り巻く事業環境は、原材料価格や物流費の上昇、為替変動等の影響に加え、消費行動や市場構造の変化が進行しており、依然として先行き不透明な状況が続いております。
3236,日本経済は、米国の通商政策等による不透明感がみられ、一部で足踏みがみられるものの当面は内需がけん引する形で、緩やかな回復を続けることが見込まれます。
5819,"世界情勢は、ロシア・ウクライナ、中東、東アジア、中南米など地政学リスクが世界各地域に広がり、経済活動へ波及が懸念されるなど不安定な状況が想定されます。当社グループは、国内市場における既存事業強化とともに、海外市場への積極的な展開、次のビジネスの礎構築に向けた取組みを加速させることにより、売上高13,200百万円を予想しております。"
3161,"次期は売上高8,445百万円、営業利益270百万円、経常利益300百万円、親会社株主に帰属する当期純利益194百万円を見込んでおります。"
7175,当社の業績は、経済情勢や市場環境の変動による影響を大きく受ける状況にあり、投資家の皆様の投資判断に有用な業績予想を行うことが困難であるため、業績予想を開示しておりません。
5946,）今後のわが国経済は、雇用・所得環境の改善により個人消費の持ち直しの動きが引続き拡大していくと見込まれ、景気は緩やかな回復が期待されますが、米国の通商政策の動向や日中関係の悪化に加え、政府の積極財政や金融政策が個人消費に及ぼす影響等に十分に留意する必要があります。
8938,当社連結子会社であり医療関連事業の中核を担うグローム・マネジメント㈱では、2027年３月期において、アライアンス先医療機関に対するコンサルティング事業に関して、１件・計100床の新規獲得を計画しており、周辺ビジネスを含めた売上高は837百万円を見込んでおります。
6292,世界経済は、地政学的リスクの高まりや中国経済の長期低迷等により、先行きに対する強い不透明感が漂っています。
3668,
6748,次期は雇用・所得環境の改善などを背景に緩やかな回復が続くことが期待されますが、物価上昇、アメリカの政策動向、金融資本市場の変動など依然として景気の先行きは不透明な状況にあります。
9972,"当社グループは、2021年１月に策定した中期経営計画（2021年11月期～2025年11月期の5ヵ年）において、最終年度である2025年11月期の連結目標数値を売上高20,000百万円、営業利益1,000百万円、営業利益率5.0％以上、自己資本利益率（ROE）8.0％以上と掲げておりましたが、本日公表いたしましたとおり、急速な市場環境の変化に対応し、将来の収益基盤を強化するための抜本的な事業構造改革（再生フレーク事業からの撤退等）を断行した結果、これらの目標数値は最終的に未達となりました。"
6335,としては売上高109億6千万円（前期実績84億5千6百万円）、営業利益7億円（前期実績7億2千1百万円）、経常利益7億3千万円（前期実績7億7千7百万円）を予定しており、特別利益として固定資産売却益を、特別損失として現在係争中の訴訟関連費用などを見込んでいることから、親会社株主に帰属する当期純利益5億6千万円（前期実績10億5千7百万円）を予想しております。
7021,世界経済は、米国中心に堅調に推移してきましたが、中東における紛争の影響により急速に不透明感が増しています。
2814,"このような見通しのもと、第２四半期業績予想は、売上高3,424百万円、営業利益218百万円、経常利益308百万円及び中間純利益208百万円、通期業績予想は、売上高6,732百万円、営業利益373百万円、経常利益545百万円及び当期純利益368百万円を見込んでおります。"
6899,"次期は売上高58,000百万円（当期比7.1％減）営業利益1,000百万円（当期比23.2％減）経常利益1,000百万円（当期比24.6％減）親会社株主に帰属する当期純利益700百万円（当期比1.8％減）を見込んでおります。"
7997,"売上高（百万円）営業利益（百万円）経常利益（百万円）親会社株主に帰属する当期純利益（百万円）１株当たり当期純利益（円）2026年11月期2025年11月期増減率（％）7,450 6,342 17.5 70△122―75△7―40 403△90.1 23.96 237.75△89.9翌連結会計年度を迎えるにあたり、新３か年中期経営計画『Power Up 2028』（2026年11月期～2028年11月期）（以下『Power Up 2028』という。"
4360,"通期の連結業績見通しにつきましては、売上高11,600百万円（前期比5.5％増）を予想しております。なお、2027年３月期の連結業績予想については、中東情勢による未確定要素を踏まえ、特に今後の生産計画の変更可能性や原料コストの変化等、合理的な算定が困難なため、現時点では売上高のみを開示しております。"
5187,このような状況の下、2026年12月期の業績予想につきましては、中期経営計画2027の２年目として、国内販売は新製品の営業活動と原材料高騰を背景とした販売価格改定により収益性向上を進めるとともに、海外市場では中国の集中購買の対策を図りつつ、インド・東南アジア地域への新市場拡大により売上高の拡大を計画しております。
5446,"2027年３月期の連結業績予想につきましては、売上高25,000百万円と2026年３月期並みの水準を見込みますが、主原料である鉄スクラップ価格や各エネルギー調達コストの急騰および高止まりにより営業損失900百万円、経常損失800百万円、親会社株主に帰属する当期純損失800百万円を見込んでおります。"
3632,投資事業を除く、各事業セグメントごとの今後の見通し等については、本日発表の「2025年６月期通期（第４四半期）決算説明会資料」にて開示しておりますので、あわせてご参照ください。
6718,当社グループの為替影響につきましては、ＵＳドルやタイバーツに対して円高が進行することにより営業利益が押し上げられる効果があります。
9876,2027年２月期においては、経済活動の正常化が進み、雇用・所得環境が改善するなど緩やかな回復基調で推移する一方で、継続的な物価上昇や人件費の高まりを受けたコストの増加、人手不足の深刻化への懸念等が続くものと考えられます。
8869,当連結会計年度におきましては、売上高・利益ともに計画を大きく超過いたしました。
5282,次期は売上高106億円、営業利益０百万円、経常利益０百万円を見込んでおります。なお、上記業績見通しは、中東情勢の緊迫化によるコスト上昇及び石油化学製品の供給不安の影響は考慮しておりません。
3537,"当社グループの次期（2027年３月期）の連結業績は、売上高27,267百万円（前連結会計年度比1.3％増）、営業利益441百万円（前連結会計年度比12.6％減）、経常利益629百万円（前連結会計年度比13.3％減）、親会社株主に帰属する当期純利益は437百万円（前連結会計年度比21.4％減）の増収減益を見込んでおります。"
8595,
6497,2026年12月期の連結業績予想につきましては、売上高131億円、営業利益12.5億円、経常利益13.8億円、親会社株主に帰属する当期純利益9.8億円を見込んでおります。なお、当期は当社の新たな中期経営計画（５カ年）の５年目となります。
2168,(決算説明資料の入手方法)決算説明補足資料については、当社ホームページ(https://www.pasonagroup.co.jp/ir/)に本日（2026年４月14日）掲載しております。
7264,"現時点での事業環境に大きな変動が無いことを前提とした連結業績予想としましては、売上高は24,139百万円、経常利益は1,720百万円、親会社株主に帰属する当期純利益は1,212百万円を見込んでおります。"
5079,わが国経済は、雇用・所得環境に改善の動きが見られる中、インバウンド需要の増加や個人消費の持ち直しにより緩やかな回復傾向となりました。
7122,短期的には中東情勢の緊迫化による物価や調達コストの上昇が懸念され、当社グループにおいても資源供給の混乱とそれに伴う原材料やエネルギー価格の高騰、人件費の急騰などによる製造原価の上昇に加え、工程に影響を及ぼすことも考えられますが、影響の規模と解消時期が不明なため現時点で明確な形では業績予想に織り込んでおりません。
8281,今後の当社グループを取り巻く環境は、雇用・所得環境の改善や各種政策の効果により、国内景気は緩やかな回復が続くことが期待されます。
1853,"このような状況下、当社の2027年３月期の業績は、売上高27,200百万円、営業利益1,160百万円、経常利益1,160百万円、当期純利益780百万円と見込んでおります。"
7908,2027年３月期につきましては、米国の通商政策の動向や自動車産業の回復時期に加え、中東情勢の緊張に伴う原油やナフサ調達環境への影響など、日々不確実性が高い状況が続くものと見込んでおります。
4627,"このような状況のもと、中期経営計画２年目にあたる次期の業績見通しにつきましては、売上高23,000百万円（当連結会計年度比3.3％増）、営業利益1,450百万円（当連結会計年度比3.7％増）、経常利益1,550百万円（当連結会計年度比2.7％増）、親会社株主に帰属する当期純利益1,000百万円（当連結会計年度比12.1％減）を見込んでおります。"
4243,"次期は国家間の争いや地政学的リスク、環境問題等の各種課題がより強く顕在化し、合理的な検討や柔軟な対応が要求される状況が続くものと予想されます。このような状況のもと、次期の連結業績見通しにつきましては、売上高4,530百万円、営業利益234百万円、経常利益247百万円、親会社株主に帰属する当期純利益191百万円を予想しております。"
4625,2027年３月期の連結業績は売上高125億円、営業利益４億30百万円、経常利益４億60百万円、親会社株主に帰属する当期純利益３億円を見込んでいます。
7521,次期は売上高339億59百万円、営業利益５億96百万円、経常利益７億32百万円、親会社株主に帰属する当期純利益３億91百万円を見込んでおります。
5986,今後のわが国経済は、企業収益や雇用環境の改善を背景に緩やかな景気回復が期待されますが、緊迫度を増す中東情勢に起因する原油の供給障害や油価の上昇、金融資本市場の変動、さらには米国の通商政策をめぐる動向等、依然として先行き不透明な状況で推移するものと思われます。以上の結果、次期における連結業績見通しは、売上高490
6150,2026年５月期の見通しは、都市部を中心とする鋼構造物、国土強靭化基本計画による国内インフラ補強、物流倉庫、データセンター等の内需は見込まれるものの、様々な構造的要因による人手不足の影響は建設工期の長期化を引き起こし、鋼材価格の高止まりや人件費・物流費の上昇のほか、コストプッシュ型のインフレ圧力も強く加わり、建設計画の見直し又は中止が散見されるなど事業環境は極めて厳しく、不透明な状況で推移するものと予想しております。
7975,"2027年２月期の連結業績予想につきましては、売上高は事務用品等事業において、主力取引先の大手通販会社の受注減少要因が解消される見込みであることや、利益では不動産賃貸事業において、当連結会計年度に係る賃貸用マンションの購入に伴う費用が一過性であること等を鑑みて、売上高9,350百万円（当連結会計年度比2.5％増）、営業利益230百万円（当連結会計年度比538.4%増）、経常利益250百万円（当連結会計年度比119.1"
5966,以上により、2027年３月期の連結業績予想につきましては、売上高85億円、営業利益６億30百万円、経常利益６億70百万円、親会社株主に帰属する当期純利益は４億70百万円を見込んでおります。
3477,"2027年３月期業績予想は、売上高は20,000百万円（当事業年度比14.4％増）、営業利益は1,000百万円（当事業年度比13.6％増）、経常利益は900百万円（当事業年度比14.3％増）、当期純利益は650百万円（当事業年度比19.4％増）としております。"
7464,"これらを勘案し、次期の見通しにつきましては売上高10,231百万円（前年同期比1.2％増）、営業利益232百万円（前年同期比5.4％減）、経常利益252百万円（前年同期比4.7％減）、親会社株主に帰属する当期純利益145百万円（前年同期比1.0％増）を見込んでおります。"
4365,次期は物価上昇の継続、米国の通商政策の動向、中東情勢を起因とした原材料・エネルギー価格の高騰、金融資本市場の変動など依然として不透明な状況が続くと見込まれます。
3639,
7865,前述の（中期的な方針）にも掲げましたとおり、現在、当社は事業構造改革を経て、2026年1月期より収益創出フェーズへ移行しております。
2491,"以上により、次期の業績見通しは、売上高14,400百万円（前期比39.5％減）、営業損失700百万円（前期は営業利益1,976百万円）、経常損失700百万円（前期は経常利益1,882百万円）、当期純損失800百万円（前期は当期純利益262百万円）を計画しております。"
5078,次期は雇用・所得環境の改善もあり景気は緩やかな回復を続けることが期待されるものの、労務費の上昇や資材価格の高止まりにより建築コストの上昇が続くものと思われます。
3054,次期は売上高110億66百円、営業利益1億29百万円、経常利益1億29百万円、親会社株主に帰属する当期純利益1億2百万円を計画しております。
3297,ア)次期の業績見通し国内経済は、所得の増加などにより個人消費はじめ需要が引き続き緩やかに拡大しているものの、インフレ懸念が根強くあることから、今後の金融政策が引き締め気味になるとみられ、これにより、国内需要の拡大ペースが鈍化していくものと予想されます。
5915,今後の国内景気につきましては、地政学的リスクの継続や顕在化にともなう海外経済の不確実性、為替動向や物価上昇の影響などにより、先行きには引き続き不透明感が残るものと考えられます。
8584,"当社グループを取り巻く経営環境は、金融政策の転換による金利上昇などを背景に、依然として先行き不透明な状況が続いています。次期における当社グループの通期見通しは、連結営業収益1,925億円、連結経常利益110億円、親会社株主に帰属する当期純利益100億円を見込んでおります。"
9895,2026年３月期の業績予想につきましては、連結業績予想で売上高104億円、営業利益１億円、経常利益１億50百万円、親会社株主に帰属する当期純利益１億円、個別業績予想で売上高85億円、経常利益１億円、当期純利益80百万円としております。
6159,"このような状況から、2026年８月期の通期の連結業績予想につきましては、売上高5,467百万円、営業利益381百万円、経常利益668百万円、親会社株主に帰属する当期純利益は452百万円をそれぞれ見込んでおります。"
2489,2026年12月期におきましては、深刻な人手不足への対応や賃上げの継続による内需の底堅い推移が見込まれる一方、米国の金利政策の動向に伴うさらなる円安進行や、関税引き上げ等の影響、さらには中国の経済対策の停滞に伴う景気の冷え込みなど、先行きが不透明な状況が続くことが予測されております。
8159,"このような環境において当社企業グループは、中長期経営計画「GIC30」で進めている各種戦略の実行に注力すると共に、ＤＸの推進・ＩＴの活用による業務変革、人財への投資を積極的に進め、2030年度売上高3,000億円、営業利益率４％の達成に向かって邁進してまいります。"
3954,次期につきましては、中東情勢緊迫化による業績への影響を最小限に抑えて、売上数量や採算を確保していくことが急務となります。
3710,なお、業績に影響を与える要因はこれらに限定されるものではありません。
8076,"以上により、2027年３月期における通期の連結業績予想につきましては、売上高は1,698億52百万円、営業利益は27億25百万円、経常利益は30億円、親会社株主に帰属する当期純利益は20億59百万円を見込んでおります。"
7486,"通期連結業績予想売上高33,000百万円、営業利益750百万円、経常利益1,200百万円、親会社株主に帰属する当期純利益960百万円(4）利益配分に関する基本方針及び当期・次期の配当利益配当につきましては、継続して安定配当ができるよう事業収益の拡大を図りながら、株主の皆様への利益還元を充実させることを重視し、「中期経営計画（2025-2027）」の中で配当性向35％以上を目標に掲げてお"
7985,翌連結会計年度の業績見通しとしては、売上高74億５千万円、営業利益６千万円、経常利益４千５百万円、親会社株主に帰属する当期純利益３千万円を見込んでおります。
7957,①計画期間を３年から５年に変更当社の置かれた現状の厳しい経営環境を勘案したうえでの変更②毎年計画を見直す「ローリング方式」の採用これまでの反省を踏まえ、環境変化に対し即時対応すべく早期にPDCAを機能させるための変更③事業ポートフォリオ分析による成長戦略（製品群）事業戦略として、事業ポートフォリオ分析を用いて、当社の強みと市場成長性による選択と集中を行ったうえで経営資源を有効に配分し、売上高の向上および収益の回復・拡大を図るための変更この新中期経営計画の推進徹底により、2026年12月期において利益の黒字回復を図り、通期の連結業績は、売上高90億円、営業利益1億5千万円、経常利益1億2千万
3131,この方針のもと、2027年３月期の通期連結業績予想につきましては、メモリー市況の動向を踏まえつつ、半導体製品分野におけるボリュームビジネスの獲得による取引拡大が見込まれることに加え、システム製品分野が総じて堅調に推移する見通しであることから、売上高の拡大及び利益面の改善を見込んでおります。
5969,"といたしましては、連結売上高で5,730百万円、連結営業利益で180百万円、連結経常利益で180百万円、親会社株主に帰属する当期純利益で120百万円を見込んでおります。"
7885,"次期の連結業績につきましては、売上高25,000百万円（前連結会計年度比0.8％増）、営業利益1,000百万円（前連結会計年度比18.8％増）、経常利益1,100百万円（前連結会計年度比10.0％増）、親会社株主に帰属する当期純利益730百万円（前連結会計年度比18.5％増）を見込んでおります。"
3134,
6325,当社は、第１期中期事業計画における課題と反省を踏まえ、「成長軌道への回帰」を実現すべく、『変革スピードを加速し確かな成長軌道へOffensive120』をスローガンに、成長戦略を着実に推進してまいります。
6797,"当社グループを取り巻く環境は、道路建設など新規投資が減少し、維持更新需要にシフトしつつあります。これらの状況を踏まえ、売上高16,000百万円、営業利益660百万円、経常利益710百万円、親会社株主に帰属する当期純利益560百万円を見込んでおります。"
7628,"このような状況下、次期の連結業績につきましては、売上高は43,000百万円（前連結会計年度比5.1％増）、営業利益は2,550百万円（同5.1％増）、経常利益は3,000百万円（同1.1％増）、親会社株主に帰属する当期純利益は2,100百万円（同0.7％増）を予想しております。"
6276,このような事業環境における翌連結会計年度(2026年12月期)の連結業績見通しにつきましては、売上高20億80百万円、営業利益１億10百万円、経常利益１億20百万円、親会社株主に帰属する当期純利益２億円を予想しております。
7472,以上を踏まえ、次期連結会計年度の連結業績に関しましては、売上高は320億円、営業利益は17億30百万円、経常利益は18億45百万円、親会社株主に帰属する当期純利益は12億40百万円を見込んでおります。
6151,当社グループは、「中期経営計画2026」に基づき、成長領域への投資および生産体制の最適化、経営基盤の強化を進めております。
6820,現下の中東情勢による業績への影響につきましては、物流面で一部影響が見られるものの軽微にとどまっております。
2221,以上から、次年度の連結業績につきましては、連結売上高306億円、営業利益３億円、経常利益19億円、親会社株主に帰属する当期純利益13億円を見込んでおります。
8141,"当社グループの2027年３月期の連結業績予想につきましては、連結売上高1,260億円、営業利益18億円、経常利益21億円、親会社株主に帰属する当期純利益14億円を見込んでおります。"
3583,今後の経済環境の見通しにつきましては、米国とイスラエルによるイランへの軍事行動がホルムズ海峡の封鎖を招き、その結果、原油とナフサなどの供給不足が世界的なエネルギー価格の高騰や原材料の供給リスクとなり、世界経済の減速懸念が一段と高まっております。
6778,移動体通信市場におきましては、第5世代移動通信方式（5G）の商用サービスが開始され、当初は順調に基地局数も増加しましたが、開発投資は減少傾向にあります。
4170,2026年12月期におきましては、企業活動におけるデジタル化の進展が引き続き進むとともに、生成AIをはじめとする新技術の普及が進展することにより、企業のデジタルトランスフォーメーション（DX）推進に対するニーズは、引き続き高い水準で推移するものと見込まれます。
5945,"以上により、先行きは非常に不透明な状況ですが、2026年度連結業績につきましては、売上高14,000百万円（前年同期比3.9％増）、営業利益1,820百万円（前年同期比4.9％増）、経常利益2,120百万円（前年同期比3.2％減）、親会社株主に帰属する当期純利益1,480百万円（前年同期比2.4％減）を見込んでいます。"
6158,"なお、次期(2027年３月期)の業績の見通しにつきましては、連結売上高7,524百万円、連結営業利益428百万円、連結経常利益501百万円、親会社株主に帰属する当期純利益351百万円を見込んでおります。"
3892,"2026年５月期の業績は売上高11,600百万円、営業利益900百万円、経常利益1,000百万円、当期純利益700百万円を見込んでおります。"
7928,次期は売上高は78億50百万円（前期比6.1％減）、営業利益は40百万円（前期は営業損失45百万円）、経常利益は１億10百万円（前期比3.0％減）、親会社株主に帰属する当期純利益は50百万円（前期比6.1％増）を予想しております。
3851,令和9年3月期の連結業績予想につきましては、下記のように見込んでおります。
3895,2027年３月期につきましては、中東情勢の緊張が続く中、エネルギーや原材料価格の高騰等により、しばらくは先行き不透明な状況が続くものと思われます。
9867,2027年３月期の連結業績につきましては、売上高312億円（前年同期比2.7％増）、営業利益23億円（前年同期比12.2％減）、経常利益22億90百万円（前年同期比13.6％減）、親会社株主に帰属する当期純利益13億90百万円（前年同期比18.2％減）を見込んでおります。
5997,次期の2026年12月期の連結業績の予想につきましては、売上高118億円、営業利益６億20百万円、経常利益６億60百万円、親会社株主に帰属する当期純利益４億60百万円を見込んでおります。
7953,今後のわが国経済の見通しにつきましては、雇用・所得環境の改善や堅調な企業収益を背景に、引き続き緩やかな回復基調で推移すると思われます。
1887,この中期経営計画では、①建設事業における収益力の回復、②成長分野への堅実投資、③既存領域からの新規事業展開、④持続的成長を支える人財・DX戦略の推進に取り組み、最終年度（2028年５月期）における計数目標は、ROE（自己資本利益率）8.0%、営業利益90億円、また、３カ年で投資総額740億円を実施する方針です。
1793,今後のわが国経済は、政府による各種経済対策や賃上げの定着による雇用・所得環境の改善、堅調な企業収益を背景に、景気は緩やかな回復基調で推移することが期待されます。
3417,)国内経済の次期の見通しにつきましては、人手不足や賃上げを背景に雇用や所得の環境改善が継続しており、国内需要を中心に景気の回復基調が見込まれます。
3277,"次期は売上高25,500百万円（前年同期比9.2％増）、営業利益2,400百万円（前年同期比6.8％増）、経常利益1,900百万円（前年同期比2.6％増）、親会社株主に帰属する当期純利益1,330百万円（前年同期比2.7％増）を見込んでおります。"
6349,当社は、長期的展望に立ち、証券印刷機事業で政府関連機関に超長期に渡るサービスを提供すること等のため、財務・経営基盤への信頼と将来の事業拡大を目的に内部留保の確保を念頭に置きながら、株主の皆様に対し安定かつ充実した利益還元を継続的に行うことを最重要課題の一つと認識しております。
7614,以上の通り、当社グループの次期の見通しは、売上高355億円（前年同期比0.4％増）、営業利益14億5
8075,"このような事業環境の中、中期経営計画の最終年度となる2027年３月期の連結業績予想につきましては、売上高6,860億円、営業利益121億円、経常利益115億円、親会社株主に帰属する当期純利益90億円を見込んでおります。"
6360,このような状況から、当社の2027年３月期通期業績見通しは、売上高100億円（前年同期比3.2％増）、営業利益５億円（前年同期比25.3％減）、経常利益６億７千万円（前年同期比22.6％減）、当期純利益４億６千万円（前年同期比43.1％減）を見込んでおります。
9414,
6907,2027年３月期につきましては、半導体・電子部品向けが引き続き高成長を維持することが期待されることに加え、その他の品目においても戦略的なソリューション取引による売上高を見込んでおります。
3641,"翌連結会計年度（2027年３月期）の連結業績見通しについては、売上高は15,328百万円（前年同期比4.0％増）、営業利益は334百万円（前年同期比162.4％増）、経常利益は391百万円（前年同期比18.7％減）、親会社株主に帰属する当期純利益は127百万円（前年同期は親会社株主に帰属する当期純"
2654,"イラン戦争による地政学的な緊張により経済の不透明性が高まり、地球規模での温暖化の進行等による異常気象の発生増加や災害の激甚化が懸念され、予測しづらい状況です。次期の業績予想につきましては、売上高24,768百万円、営業利益574百万円、経常利益612百万円、親会社株主に帰属する当期純利益393百万円と見通しております。"
1376,これらを踏まえ、売上高665億円、営業利益19億円、経常利益20億円、親会社株主に帰属する当期純利益15億円と予想し、全体として増収増益を予想しております。
3953,"この様な見通しのもと、当社の2027年３月期の通期業績予想につきましては、売上高6,300百万円(前期比5.8％増)、営業利益421百万円(同20.0％増)、経常利益424百万円(同17.9％増)及び当期純利益292百万円を計画しております。"
6358,今後世界の建設機械市場は、短期的には調整局面がしばらく続くものの、中長期的には日本の国土強靭化実施中期計画や防衛整備予算倍増、米国における高水準のインフラ投資、新興諸国におけるインフラ投資と鉱山開発の活発化、更には老朽化インフラの更新需要や自然災害甚大化への対応と復興需要など、建設機械の底堅い潜在需要が期待されますので、景気循環とともに回復するものと予想しております。
5958,今後の経済情勢につきましては、雇用・所得環境の改善や各種政策の効果で緩やかな回復を支え、景気は回復傾向が続くと期待されております。
3597,"以上のような活動を推進することにより、2026年6月期の連結業績予想は、売上高は16,000百万円（前年同期比7.1％増）、営業利益は1,800百万円（前年同期比24.4％増）、経常利益は1,900百万円（前年同期比16.8％増）、親会社株主に帰属する当期純利益は1,350百万円（前年同期比19.6％増）としております。"
8093,当グループは、サステナブルな社会の実現と企業価値の向上を目指した中期経営計画「KBKプラスワン2025」で掲げた事業戦略の実行により、この５カ年を通して着実に成果を出し業績を改善し続けてきました。なお、2027年３月期の連結業績につきましては、売上高660億円、営業利益23億円、経常利益25億50百万円、親会
5304,世界経済は、金融引き締めの影響、地政学的リスクの高まり等により、先行き不透明な状況が続いております。2027年３月期の通期連結業績予想につきましては、売上高265億円（前期比5.6%増）、営業利益34億円（前期比15.2%減）、経常利益44億円（前期比22.6%減）
4925,今後のわが国経済は、雇用・所得環境の改善やインバウンド需要の拡大を背景に、緩やかな回復基調が続くことが期待される一方で、資源・エネルギー価格の高止まり、物価上昇による消費マインドへの影響、為替変動、地政学リスクの長期化など、先行き不透明な状況が継続するものと予想されます。
4120,"当社を取り巻く経営環境は、中東情勢の緊迫化を契機とするホルムズ海峡の閉鎖を受け、原油価格が高騰するなど、景気の下押しリスク、不透明感が強まっています。次期の総売上高は6,500百万円と当期に比べ67百万円増（1.0%）と微増となる見込みです。"
